Bezirk;Gemnr;Gemeinde;1992;1993;1994;1995;1996;1997;1998;1999;2000;2001;2002;2003;2004;2005;2006;2007;2008;2009;2010;2011;2012;2013;2014;2015;2016;2017;2018
I;70101;Innsbruck ;111305;112174;112759;109150;109763;110454;110997;111752;112350;112882;112938;113425;114438;115643;116370;116649;117252;118177;118895;119846;122458;124579;126965;131009;132236;132493;132110
IM;70201;Arzl im Pitztal;2492;2669;2693;2737;2738;2729;2779;2759;2765;2776;2804;2859;2924;2926;2933;2969;2943;2946;2972;2989;2983;3030;3039;3042;3088;3134;3157
IM;70202;Haiming;3625;3701;3677;3725;3741;3739;3768;3784;3858;3906;3925;3912;3947;4009;4142;4228;4226;4269;4346;4457;4444;4474;4528;4535;4608;4659;4697
IM;70203;Imst;7925;8145;7984;8071;8268;8399;8542;8620;8717;8821;8862;8947;9070;9221;9410;9409;9514;9459;9480;9504;9552;9661;9827;10115;10371;10504;10628
IM;70204;Imsterberg;683;687;703;706;709;722;734;728;729;733;738;732;745;747;745;770;759;755;749;743;761;757;774;763;769;777;801
IM;70205;Jerzens;915;920;924;930;924;918;923;931;909;911;924;934;957;1002;1008;982;1013;1027;1017;1018;1036;1033;1008;1005;1010;975;984
IM;70206;Karres;538;535;552;543;559;568;564;560;570;576;586;592;590;588;592;600;603;609;605;614;605;608;597;598;596;609;606
IM;70207;Karrösten;658;666;664;674;662;672;686;680;688;694;697;697;693;695;681;681;675;676;680;683;687;691;692;677;684;676;683
IM;70208;Längenfeld;3636;3740;3836;3865;3916;3934;3973;4000;4056;4097;4130;4167;4232;4324;4359;4355;4383;4356;4373;4311;4362;4400;4442;4481;4570;4611;4669
IM;70209;Mieming;2419;2487;2531;2509;2540;2556;2689;2731;2811;2908;2962;3005;3030;3104;3185;3245;3325;3367;3428;3439;3477;3478;3494;3531;3601;3698;3761
IM;70210;Mils bei Imst;446;490;515;536;545;552;545;551;552;557;532;547;549;540;539;541;556;552;552;547;534;540;552;560;568;559;596
IM;70211;Mötz;1097;1149;1171;1163;1143;1167;1163;1171;1145;1183;1172;1231;1232;1220;1209;1222;1205;1213;1238;1243;1261;1263;1277;1264;1244;1219;1227
IM;70212;Nassereith;2151;2164;2204;2217;2210;2174;2191;2126;2114;2041;2032;2035;2063;2075;2075;2070;2071;2065;2070;2067;2082;2046;2031;2014;2062;2119;2164
IM;70213;Obsteig;849;860;860;868;885;910;913;933;946;983;1011;1030;1089;1146;1141;1135;1169;1173;1162;1190;1206;1255;1257;1320;1345;1316;1338
IM;70214;Oetz;2139;2130;2141;2180;2234;2237;2194;2187;2199;2233;2206;2215;2249;2236;2250;2248;2251;2254;2266;2314;2335;2333;2337;2362;2377;2402;2359
IM;70215;Rietz;1849;1843;1835;1865;1913;1919;1953;1954;1982;2002;2028;2023;2014;2025;2069;2093;2102;2085;2078;2126;2142;2157;2181;2208;2274;2313;2324
IM;70216;Roppen;1463;1474;1517;1574;1574;1583;1582;1602;1581;1585;1608;1608;1633;1628;1622;1635;1652;1649;1638;1652;1689;1702;1714;1776;1777;1800;1801
IM;70217;St Leonhard im Pitztal;1479;1490;1495;1503;1507;1485;1483;1498;1497;1509;1517;1516;1513;1507;1499;1523;1493;1497;1467;1467;1447;1419;1404;1393;1389;1382;1394
IM;70218;Sautens;1232;1252;1282;1271;1268;1265;1277;1294;1273;1294;1305;1326;1312;1329;1365;1382;1388;1395;1411;1422;1421;1485;1528;1594;1616;1601;1620
IM;70219;Silz inkl Kühtai;2325;2406;2453;2449;2507;2509;2508;2485;2492;2393;2454;2470;2458;2437;2452;2480;2483;2589;2578;2545;2559;2581;2525;2519;2533;2560;2564
IM;70220;Sölden;2824;3307;3257;3359;3351;3320;3323;3332;3380;3386;3434;3675;3473;3411;3348;3754;3890;3930;4100;4236;3550;3302;3279;3201;3124;3145;3119
IM;70221;Stams;1269;1294;1326;1353;1353;1353;1329;1281;1260;1249;1267;1275;1275;1298;1293;1298;1310;1313;1334;1337;1347;1332;1382;1403;1451;1495;1495
IM;70222;Tarrenz;2290;2331;2342;2403;2441;2472;2480;2526;2550;2531;2530;2565;2579;2568;2574;2592;2595;2618;2646;2648;2691;2692;2705;2714;2726;2744;2763
IM;70223;Umhausen;2609;2627;2671;2712;2743;2741;2793;2808;2808;2849;2868;2900;2899;2912;2976;3025;3050;3080;3074;3096;3109;3099;3116;3174;3190;3220;3271
IM;70224;Wenns;1932;1939;1969;1979;1994;2007;1979;1975;2011;2002;1996;1992;2023;2049;2018;2011;2003;2007;1961;1950;1956;1933;1965;1984;2009;2044;2035
IL;70301;Absam;6418;6184;6206;6179;6196;6219;6374;6346;6349;6365;6434;6459;6542;6474;6561;6683;6694;6681;6690;6723;6766;6756;6774;6910;6990;7112;7285
IL;70302;Aldrans;1823;1831;1885;1884;1901;1917;1929;1937;1939;1937;1956;1986;2002;1968;2010;2069;2065;2136;2169;2212;2315;2421;2500;2564;2658;2684;2736
IL;70303;Ampass;1180;1232;1227;1244;1250;1324;1306;1302;1317;1312;1333;1347;1408;1431;1517;1565;1575;1618;1636;1665;1688;1762;1795;1809;1793;1827;1835
IL;70304;Axams;4987;5103;5167;5230;5267;5245;5295;5273;5324;5291;5345;5357;5301;5317;5383;5374;5461;5495;5487;5579;5586;5669;5763;5849;5872;5996;6018
IL;70305;Baumkirchen;952;992;984;977;985;1028;1060;1066;1083;1093;1103;1092;1078;1089;1115;1131;1159;1161;1143;1150;1159;1184;1220;1248;1275;1284;1278
IL;70306;Birgitz;1151;1121;1161;1206;1216;1209;1189;1196;1190;1182;1202;1185;1168;1199;1259;1281;1258;1269;1300;1320;1305;1333;1341;1385;1420;1419;1459
IL;70307;Ellbögen;962;993;1004;1002;1018;1032;1047;1055;1058;1080;1076;1085;1078;1079;1079;1092;1086;1081;1078;1067;1081;1098;1092;1106;1105;1109;1117
IL;70308;Flaurling;1007;1002;1026;1059;1054;1059;1113;1129;1108;1114;1149;1137;1128;1147;1138;1144;1194;1194;1223;1207;1221;1234;1284;1289;1266;1285;1304
IL;70309;Fritzens;1939;1924;1918;1990;2027;1984;1990;2019;2011;2007;2009;2024;1999;2001;2031;2007;2013;2023;2061;2039;2022;2054;2091;2076;2106;2148;2168
IL;70310;Fulpmes;3938;3880;3900;3848;3835;3872;3875;3910;3878;3922;3923;4006;4008;4021;4074;4084;4077;4063;4158;4193;4230;4263;4251;4281;4353;4378;4426
IL;70311;Gnadenwald;572;576;580;572;588;599;583;597;596;632;657;657;652;668;682;720;734;719;711;727;742;757;772;787;806;826;840
IL;70312;Götzens;3460;3537;3522;3528;3480;3463;3488;3553;3526;3551;3615;3699;3754;3734;3730;3737;3758;3827;3878;3924;3959;3983;3991;3949;4010;4062;4044
IL;70313;Gries am Brenner;1482;1428;1432;1389;1320;1289;1266;1272;1260;1245;1235;1217;1207;1216;1219;1231;1259;1274;1256;1284;1281;1281;1337;1329;1346;1361;1341
IL;70314;Gries im Sellrain;674;641;585;596;570;571;572;582;573;582;575;580;573;582;582;580;582;579;581;579;596;583;601;599;615;610;613
IL;70315;Grinzens;1283;1326;1274;1275;1265;1238;1237;1255;1251;1311;1296;1320;1304;1290;1312;1319;1334;1308;1306;1339;1346;1375;1416;1416;1399;1399;1387
IL;70317;Gschnitz;465;471;469;470;476;479;474;478;474;450;450;449;437;434;426;421;422;423;413;425;439;430;424;424;421;434;449
IL;70318;Hatting;868;874;894;923;926;952;957;1002;1032;1024;1040;1049;1096;1118;1148;1152;1161;1171;1229;1232;1282;1315;1365;1394;1426;1444;1454
IL;70319;Inzing;2871;2913;2986;3050;3100;3140;3138;3132;3179;3198;3260;3279;3277;3289;3321;3323;3435;3471;3498;3520;3603;3632;3675;3758;3818;3847;3904
IL;70320;Kematen in Tirol;2282;2360;2408;2488;2494;2503;2533;2505;2550;2577;2558;2548;2575;2520;2556;2559;2493;2553;2558;2545;2563;2713;2762;2831;2864;2931;2963
IL;70322;Kolsass;1265;1274;1316;1330;1341;1379;1393;1396;1413;1411;1414;1435;1421;1441;1436;1449;1463;1491;1502;1548;1574;1590;1586;1581;1596;1626;1630
IL;70323;Kolsassberg;597;609;637;658;669;672;684;708;724;723;732;726;740;746;750;753;753;754;740;747;751;769;790;806;807;817;828
IL;70325;Lans;875;899;895;911;899;894;870;904;911;885;900;888;903;887;897;923;923;921;913;924;957;989;1031;1062;1083;1096;1077
IL;70326;Leutasch;1791;1876;1868;1935;1937;1940;1962;1978;2008;2009;2042;2050;2069;2057;2056;2073;2104;2151;2205;2208;2201;2248;2274;2283;2325;2380;2422
IL;70327;Matrei am Brenner;1005;1045;1046;1016;1021;1003;1010;999;994;992;993;972;949;923;929;932;911;899;900;896;881;872;937;932;937;959;953
IL;70328;Mieders;1192;1254;1346;1375;1424;1456;1494;1517;1559;1582;1624;1650;1667;1675;1711;1726;1732;1728;1748;1755;1789;1790;1813;1844;1846;1861;1884
IL;70329;Mils;3724;3781;3722;3741;3754;3769;3785;3790;3818;3807;3852;3910;3925;3942;3956;4032;4085;4081;4145;4114;4145;4128;4162;4279;4323;4377;4447
IL;70330;Mühlbachl;1429;1413;1369;1388;1385;1362;1361;1358;1369;1382;1401;1394;1375;1371;1369;1360;1338;1347;1343;1351;1321;1332;1375;1373;1398;1393;1388
IL;70331;Mutters;1917;1935;1930;1926;1992;1955;1961;1926;1915;1937;1976;1947;1958;1974;1984;1968;1982;2000;1986;1993;2025;2073;2073;2079;2170;2202;2209
IL;70332;Natters;1855;1849;1809;1813;1809;1802;1863;1868;1868;1854;1854;1846;1860;1866;1917;1919;1900;1916;1893;1844;1875;1853;1938;2011;2038;2020;2069
IL;70333;Navis;1891;1907;1935;1924;1905;1905;1909;1906;1908;1908;1912;1905;1920;1926;1947;1975;1979;1963;1968;1956;1969;1967;1966;1986;1995;2004;2037
IL;70334;Neustift im Stubaital;3846;3984;4074;4129;4192;4224;4268;4296;4328;4437;4467;4511;4496;4490;4449;4468;4488;4517;4504;4571;4563;4637;4657;4704;4716;4747;4785
IL;70335;Oberhofen im Inntal;1506;1513;1543;1546;1528;1599;1642;1638;1639;1605;1607;1597;1590;1627;1634;1673;1684;1675;1682;1691;1685;1679;1747;1778;1819;1857;1868
IL;70336;Obernberg;370;390;368;370;368;362;368;362;361;355;358;352;358;357;360;366;360;360;364;359;362;362;359;354;355;363;369
IL;70337;Oberperfuss;2326;2368;2471;2495;2529;2590;2627;2618;2657;2723;2752;2785;2806;2813;2790;2781;2784;2802;2813;2841;2878;2908;2945;2984;2992;3043;3097
IL;70338;Patsch;878;849;895;851;874;886;865;871;870;873;881;879;884;908;963;970;1006;1011;1011;1007;965;961;977;981;1009;1014;1037
IL;70339;Pettnau;869;855;874;900;926;948;974;950;955;960;948;952;947;938;937;923;912;899;893;910;906;919;957;992;995;1047;1058
IL;70340;Pfaffenhofen;1046;1068;1067;1116;1156;1145;1133;1130;1109;1112;1122;1090;1084;1056;1060;1072;1061;1078;1063;1089;1093;1051;1077;1098;1105;1102;1140
IL;70341;Pfons;1210;1195;1238;1242;1229;1226;1233;1248;1249;1241;1227;1251;1254;1240;1232;1230;1241;1227;1220;1240;1232;1227;1209;1218;1207;1205;1221
IL;70342;Polling in Tirol;705;739;748;758;755;756;768;785;774;764;780;789;840;892;903;913;920;941;953;965;952;974;1016;1073;1098;1130;1221
IL;70343;Ranggen;712;718;738;741;757;766;806;807;832;840;854;847;847;867;885;912;938;953;968;979;994;1027;1032;1041;1083;1072;1094
IL;70344;Reith bei Seefeld;919;930;979;1017;1045;1125;1097;1113;1122;1129;1108;1123;1124;1177;1146;1146;1143;1152;1144;1234;1256;1294;1275;1329;1349;1370;1367
IL;70345;Rinn;1207;1166;1183;1240;1272;1329;1364;1417;1429;1411;1415;1436;1452;1481;1501;1495;1555;1615;1644;1665;1700;1723;1766;1825;1856;1877;1916
IL;70346;Rum;8347;8297;8238;8220;8279;8226;8250;8309;8362;8346;8391;8458;8448;8609;8708;8688;8753;8796;8818;8838;8774;8940;8993;9050;9063;9190;9239
IL;70347;St Sigmund im Sellrain;167;165;172;186;196;187;186;192;193;197;194;199;200;192;187;183;177;171;170;167;167;172;169;168;164;175;177
IL;70348;Scharnitz;1180;1290;1332;1336;1337;1321;1343;1282;1282;1278;1255;1247;1256;1310;1322;1299;1309;1319;1282;1320;1302;1301;1316;1378;1389;1403;1384
IL;70349;Schmirn;899;903;902;907;906;910;906;904;895;887;892;890;895;905;896;879;887;890;895;876;861;858;865;866;853;872;869
IL;70350;Schönberg im Stubaital;976;1048;1079;1042;1062;1049;1017;1024;1001;1000;999;990;997;1015;1006;1020;1013;1003;997;1015;1015;1009;1008;1033;1091;1101;1097
IL;70351;Seefeld in Tirol;2367;2372;2485;3188;3191;3190;3155;3085;3096;3157;3117;3000;2991;2997;3008;2976;2974;3047;3150;3230;3279;3314;3376;3399;3453;3440;3430
IL;70352;Sellrain;1337;1377;1430;1436;1398;1376;1371;1356;1370;1362;1356;1367;1369;1349;1341;1344;1334;1350;1337;1348;1347;1341;1330;1347;1343;1333;1340
IL;70353;Sistrans;1467;1513;1533;1616;1642;1663;1695;1723;1771;1777;1795;1813;1835;1887;1906;1900;1975;2010;2042;2109;2148;2166;2169;2227;2238;2255;2231
IL;70354;Hall in Tirol;12364;12080;11936;11758;11810;11699;11526;11447;11385;11561;11547;11554;12035;12338;12396;12337;12411;12511;12688;12888;12956;13171;13577;13687;13801;13897;13942
IL;70355;Steinach;3241;3268;3271;3283;3278;3267;3261;3302;3296;3306;3275;3274;3305;3314;3307;3315;3332;3339;3354;3358;3351;3375;3425;3474;3561;3622;3657
IL;70356;Telfes im Stubaital;1247;1285;1334;1352;1334;1357;1358;1384;1367;1357;1361;1386;1377;1390;1416;1432;1470;1470;1444;1484;1501;1501;1516;1533;1537;1570;1601
IL;70357;Telfs;10603;10617;10836;11279;11492;11884;12154;12396;12616;12917;13104;13504;13980;14283;14371;14431;14471;14520;14619;14718;14803;14986;15235;15358;15582;15747;15920
IL;70358;Thaur;3340;3368;3305;3286;3289;3339;3340;3350;3461;3482;3503;3596;3615;3662;3686;3709;3739;3742;3756;3788;3778;3793;3843;3883;3937;3979;3999
IL;70359;Trins;1071;1131;1135;1167;1177;1171;1169;1165;1179;1190;1197;1186;1246;1260;1256;1250;1258;1268;1269;1274;1243;1242;1247;1268;1274;1277;1308
IL;70360;Tulfes;1190;1231;1194;1275;1207;1251;1270;1255;1306;1345;1358;1364;1377;1408;1424;1422;1432;1410;1392;1411;1423;1441;1485;1494;1531;1550;1568
IL;70361;Unterperfuss;207;204;152;161;197;196;196;208;205;194;190;191;183;200;202;204;203;207;198;196;192;220;215;226;220;224;223
IL;70362;Vals;498;502;505;496;496;516;517;513;508;509;514;507;540;557;556;564;564;558;550;563;549;544;538;536;537;532;541
IL;70364;Völs;6781;6810;6900;6872;6779;6678;6600;6610;6599;6637;6692;6762;6695;6613;6515;6569;6568;6551;6531;6496;6570;6595;6631;6692;6730;6738;6844
IL;70365;Volders;3803;3827;3840;3903;3941;3960;4045;4129;4155;4138;4120;4227;4301;4262;4260;4276;4279;4307;4328;4325;4384;4361;4415;4426;4437;4464;4443
IL;70366;Wattenberg;584;611;620;633;651;674;689;700;705;722;711;703;708;703;712;728;737;725;721;715;724;720;728;726;736;739;741
IL;70367;Wattens;7007;7143;7176;7218;7270;7237;7339;7290;7338;7319;7348;7449;7497;7602;7651;7665;7665;7594;7614;7677;7639;7659;7702;7880;7870;7881;7938
IL;70368;Wildermieming;690;708;703;726;743;748;750;756;766;776;771;796;785;793;823;828;827;831;864;871;888;897;909;924;928;935;942
IL;70369;Zirl;5093;5367;5556;5569;5698;5742;5779;5922;6046;6204;6346;6532;6790;7081;7229;7310;7372;7510;7623;7747;7802;7858;7933;8025;8134;8162;8146
KB;70401;Aurach bei Kitzbühel;1098;1131;1153;1169;1201;1222;1216;1237;1237;1219;1203;1231;1234;1199;1175;1155;1151;1174;1163;1135;1119;1104;1100;1092;1125;1130;1130
KB;70402;Brixen im Thale;2389;2412;2463;2514;2514;2535;2558;2563;2572;2570;2572;2596;2596;2594;2602;2602;2589;2630;2666;2663;2646;2619;2639;2615;2627;2639;2639
KB;70403;Fieberbrunn;4156;4217;4203;4174;4163;4129;4149;4178;4186;4234;4252;4263;4281;4288;4288;4292;4304;4295;4297;4377;4347;4336;4312;4384;4249;4287;4321
KB;70404;Going am Wilden Kaiser;1503;1545;1576;1574;1627;1644;1656;1664;1740;1740;1763;1747;1765;1768;1799;1841;1868;1865;1852;1871;1876;1909;1897;1869;1884;1849;1843
KB;70405;Hochfilzen;1132;1130;1135;1117;1128;1120;1114;1124;1108;1090;1103;1095;1109;1128;1145;1147;1120;1124;1123;1139;1147;1149;1152;1148;1182;1196;1213
KB;70406;Hopfgarten im Brixental;5298;5312;5314;5323;5318;5321;5277;5274;5282;5255;5278;5293;5364;5407;5398;5461;5540;5538;5537;5548;5560;5581;5599;5656;5647;5677;5620
KB;70407;Itter;1013;1023;1026;1029;1035;1058;1050;1054;1050;1055;1061;1077;1080;1111;1145;1140;1149;1144;1178;1174;1162;1152;1160;1161;1171;1150;1157
KB;70408;Jochberg;1557;1571;1578;1558;1582;1602;1563;1575;1566;1535;1516;1536;1498;1545;1555;1577;1570;1584;1567;1597;1548;1554;1545;1550;1561;1577;1562
KB;70409;Kirchberg in Tirol;4171;4528;4587;4709;4671;4837;4869;4943;4991;5014;5018;5042;5125;5144;5152;5132;5188;5141;5134;5105;5077;5131;5132;5170;5160;5245;5256
KB;70410;Kirchdorf in Tirol;3272;3269;3279;3325;3428;3435;3458;3468;3486;3480;3523;3556;3586;3609;3649;3671;3672;3734;3767;3845;3809;3870;3891;3891;3963;3936;4008
KB;70411;Kitzbühel;8194;8052;8094;8224;8427;8515;8620;8657;8679;8529;8499;8424;8470;8473;8412;8328;8263;8155;8168;8089;8168;8211;8241;8330;8341;8272;8216
KB;70412;Kössen;3477;3599;3677;3716;3795;3812;3889;3859;3897;3959;4050;4109;4171;4198;4205;4204;4188;4154;4180;4185;4191;4208;4196;4259;4278;4346;4365
KB;70413;Oberndorf in Tirol;1666;1788;1815;1837;1858;1877;1907;1908;1931;1937;1928;1954;1963;2000;2020;2016;2004;2011;2016;2016;2035;2057;2103;2117;2194;2194;2245
KB;70414;Reith bei Kitzbühel;1430;1465;1487;1543;1553;1565;1593;1593;1609;1624;1641;1645;1649;1663;1669;1671;1656;1647;1622;1665;1657;1669;1681;1676;1649;1662;1661
KB;70415;St Jakob in Haus;586;588;582;586;584;596;608;609;621;628;641;646;668;654;660;655;698;732;727;757;757;754;771;773;772;791;783
KB;70416;St Johann in Tirol;7265;7425;7372;7541;7689;7845;7866;7940;7940;7982;8038;8184;8314;8439;8510;8569;8662;8705;8752;8724;8782;8889;9046;9226;9425;9428;9477
KB;70417;St Ulrich am Pillersee;1315;1372;1388;1409;1410;1415;1414;1432;1439;1452;1442;1457;1481;1502;1493;1536;1577;1559;1589;1605;1617;1702;1724;1757;1786;1819;1833
KB;70418;Schwendt;670;668;672;685;679;701;726;753;765;756;743;757;762;762;767;762;786;794;797;790;797;790;798;836;830;823;834
KB;70419;Waidring;1647;1680;1702;1735;1760;1782;1772;1792;1784;1799;1826;1840;1832;1853;1846;1850;1854;1889;1915;1931;1983;1981;1937;1964;1981;2019;2039
KB;70420;Westendorf;3189;3267;3274;3262;3288;3317;3366;3414;3410;3450;3471;3456;3470;3480;3518;3520;3547;3565;3586;3608;3623;3652;3652;3651;3664;3652;3679
KU;70501;Alpbach;2295;2299;2332;2339;2368;2359;2349;2374;2382;2503;2533;2510;2501;2542;2568;2591;2591;2564;2603;2584;2569;2572;2580;2560;2558;2561;2543
KU;70502;Angath;750;754;756;725;750;759;845;824;829;875;926;941;947;947;934;935;927;900;910;946;960;985;999;1008;1010;1008;986
KU;70503;Bad Häring;2298;2276;2259;2273;2307;2310;2255;2274;2273;2286;2327;2320;2343;2378;2356;2376;2466;2505;2549;2569;2562;2585;2606;2616;2749;2777;2774
KU;70504;Brandenberg;1517;1549;1534;1523;1527;1535;1538;1529;1532;1527;1526;1510;1521;1520;1538;1539;1546;1554;1548;1542;1551;1527;1519;1504;1506;1523;1520
KU;70505;Breitenbach am Inn;2755;2823;2909;2981;3053;3084;3102;3119;3156;3153;3187;3193;3233;3218;3208;3205;3204;3234;3280;3315;3330;3352;3347;3405;3452;3475;3497
KU;70506;Brixlegg;2824;2893;2868;2851;2843;2894;2902;2878;2874;2769;2787;2803;2811;2803;2798;2786;2849;2834;2782;2805;2838;2854;2870;2899;2954;2970;3023
KU;70508;Ebbs;4388;4521;4502;4500;4565;4615;4726;4749;4808;4935;4977;4964;5012;5008;5072;5081;5098;5163;5161;5234;5299;5340;5407;5481;5542;5601;5628
KU;70509;Ellmau;2402;2448;2489;2520;2569;2601;2617;2579;2525;2551;2575;2636;2651;2635;2608;2608;2602;2644;2633;2647;2675;2702;2708;2746;2799;2828;2834
KU;70510;Erl;1303;1322;1346;1374;1389;1397;1379;1377;1408;1399;1394;1402;1443;1422;1423;1443;1464;1457;1453;1446;1458;1452;1477;1498;1526;1540;1574
KU;70511;Kirchbichl;5081;5096;5110;5072;5074;4968;5013;5039;5052;5118;5174;5151;5186;5217;5270;5238;5287;5238;5284;5355;5359;5494;5537;5630;5737;5855;5873
KU;70512;Kramsach;3897;3913;3975;3996;4060;4127;4260;4299;4377;4394;4418;4473;4512;4517;4544;4536;4549;4527;4532;4604;4605;4689;4698;4772;4805;4891;4968
KU;70513;Kufstein;13951;14552;14684;14647;14695;14931;14987;15152;15402;15469;15633;15760;15935;16252;16387;16687;16963;17158;17355;17497;17891;18215;18410;18727;18973;19223;19461
KU;70514;Kundl;3590;3617;3601;3568;3584;3624;3680;3657;3687;3733;3750;3874;3919;3922;3939;3941;3939;3948;3963;3959;4034;4093;4165;4201;4300;4464;4635
KU;70515;Langkampfen;3558;3590;3554;3549;3497;3462;3477;3571;3579;3597;3554;3554;3540;3544;3573;3595;3673;3705;3677;3706;3784;3820;3861;3910;4011;4108;4180
KU;70516;Mariastein;197;204;200;234;237;253;265;269;273;280;281;283;294;293;285;304;305;314;326;321;328;346;350;347;352;362;399
KU;70517;Münster;2422;2459;2501;2523;2540;2583;2621;2653;2698;2718;2772;2816;2844;2877;2936;2946;2969;2968;2988;3040;3123;3165;3240;3288;3328;3317;3350
KU;70518;Niederndorf;2213;2254;2285;2308;2327;2356;2357;2392;2397;2446;2475;2502;2509;2528;2539;2545;2554;2606;2610;2614;2660;2661;2649;2655;2699;2736;2762
KU;70519;Niederndorferberg;617;638;624;631;614;605;601;613;600;623;644;672;669;662;664;658;659;654;661;664;677;682;691;710;701;706;725
KU;70520;Radfeld;1672;1685;1649;1680;1693;1699;1736;1819;1892;2093;2149;2129;2142;2187;2231;2268;2260;2260;2266;2288;2279;2322;2393;2387;2452;2495;2514
KU;70521;Rattenberg;545;540;556;540;479;479;464;428;425;434;431;439;435;427;424;426;398;402;405;405;422;393;410;413;405;411;408
KU;70522;Reith im Alpbachtal;2676;2709;2694;2716;2696;2663;2619;2626;2630;2653;2655;2647;2657;2672;2683;2729;2705;2680;2663;2673;2699;2709;2736;2701;2772;2722;2731
KU;70523;Rettenschöss;418;429;435;435;450;443;446;440;440;438;424;427;436;434;432;425;435;438;457;465;464;469;475;475;500;513;527
KU;70524;Scheffau;1105;1104;1130;1144;1180;1188;1192;1203;1161;1219;1272;1329;1337;1336;1336;1315;1313;1318;1319;1318;1355;1356;1361;1371;1403;1449;1463
KU;70525;Schwoich;2076;2089;2114;2167;2179;2221;2232;2224;2195;2220;2239;2263;2280;2291;2285;2283;2290;2286;2269;2305;2305;2332;2334;2422;2496;2515;2520
KU;70526;Söll;3263;3279;3277;3355;3359;3350;3415;3399;3417;3411;3476;3442;3561;3554;3641;3570;3488;3523;3515;3543;3534;3535;3562;3597;3641;3631;3688
KU;70527;Thiersee;2646;2673;2662;2681;2707;2696;2714;2711;2700;2706;2712;2752;2758;2766;2821;2832;2818;2823;2814;2848;2797;2844;2872;2887;2989;2990;3012
KU;70528;Angerberg;1479;1516;1529;1587;1638;1656;1682;1660;1671;1669;1674;1668;1694;1689;1709;1744;1742;1736;1737;1764;1785;1825;1856;1879;1877;1890;1896
KU;70529;Walchsee;1606;1602;1654;1666;1693;1689;1690;1679;1717;1745;1753;1765;1787;1771;1763;1780;1792;1794;1817;1793;1787;1814;1852;1868;1901;1878;1913
KU;70530;Wildschönau;3639;3849;3904;3903;3968;3946;3926;3981;4022;4144;4129;4181;4156;4215;4215;4183;4214;4140;4138;4147;4171;4204;4211;4197;4258;4242;4267
KU;70531;Wörgl;10207;10208;10336;10514;10711;10738;10774;10805;10922;10992;11193;11415;11675;11806;11984;12021;12102;12399;12630;12714;12806;12980;13057;13312;13537;13811;14011
LA;70601;Faggen;251;269;260;258;263;274;275;276;278;275;275;268;277;301;311;335;340;347;354;370;372;366;370;373;369;383;378
LA;70602;Fendels;212;223;229;225;232;239;247;251;254;257;258;259;269;265;265;260;265;264;263;267;253;252;253;247;254;259;253
LA;70603;Fiss;766;778;807;890;902;890;922;896;926;923;940;978;1011;1031;975;936;1010;1002;1007;976;1012;1016;988;1003;996;1009;1041
LA;70604;Fließ;3041;2990;3105;3075;3045;3045;3011;3011;2932;2917;2951;2938;2935;2915;2931;2959;2986;2913;2910;2919;2905;2927;2913;2995;2991;3019;3051
LA;70605;Flirsch;1053;987;974;978;986;973;966;948;949;939;950;949;954;966;954;981;984;990;975;938;932;924;935;961;966;990;1008
LA;70606;Galtür;712;715;728;812;799;792;773;793;848;847;845;863;872;845;844;854;860;860;877;823;816;795;788;772;771;765;787
LA;70607;Grins;1183;1206;1219;1232;1248;1224;1220;1218;1219;1287;1308;1313;1315;1302;1313;1344;1374;1359;1379;1384;1391;1392;1390;1407;1389;1398;1388
LA;70608;Ischgl;1288;1312;1393;1557;1622;1633;1637;1647;1711;1756;1817;1842;1769;2127;1687;1652;1627;1628;1593;1592;1565;1562;1562;1580;1575;1593;1617
LA;70609;Kappl;2582;2533;2553;2593;2593;2595;2611;2583;2614;2599;2624;2639;2639;2629;2615;2632;2610;2632;2623;2618;2620;2615;2610;2634;2615;2617;2580
LA;70610;Kaunerberg;345;343;341;339;342;350;352;349;346;349;353;348;342;335;341;349;356;365;378;402;413;423;425;425;434;437;436
LA;70611;Kaunertal;588;600;606;603;590;583;585;581;593;599;606;610;613;614;614;600;597;605;611;626;620;593;600;593;603;597;602
LA;70612;Kauns;386;413;415;408;426;435;443;447;448;445;452;454;465;469;468;481;490;478;480;473;485;488;496;496;491;502;499
LA;70613;Ladis;465;483;507;536;528;535;544;543;554;547;564;540;542;549;526;522;523;515;538;534;546;542;539;530;524;531;529
LA;70614;Landeck;7571;7585;7484;7454;7395;7364;7362;7359;7384;7369;7386;7468;7577;7618;7630;7663;7628;7676;7699;7724;7750;7828;7784;7773;7764;7725;7642
LA;70615;Nauders;1479;1521;1524;1563;1489;1510;1574;1581;1591;1596;1632;1665;1659;1649;1555;1526;1517;1530;1532;1552;1551;1552;1573;1560;1556;1542;1531
LA;70616;Pettneu am Arlberg;1329;1347;1371;1397;1393;1407;1425;1466;1475;1488;1504;1506;1481;1479;1502;1490;1487;1480;1479;1454;1447;1451;1458;1453;1456;1494;1500
LA;70617;Pfunds;2353;2384;2435;2492;2542;2511;2493;2483;2492;2499;2519;2529;2523;2546;2569;2560;2557;2536;2534;2542;2532;2544;2543;2576;2570;2602;2610
LA;70618;Pians;836;832;846;838;834;842;850;838;816;806;808;807;799;787;791;789;790;776;789;799;798;801;788;821;817;813;801
LA;70619;Prutz;1527;1549;1578;1580;1593;1609;1623;1639;1642;1681;1716;1734;1729;1778;1736;1721;1728;1700;1729;1734;1742;1752;1733;1777;1815;1825;1845
LA;70620;Ried im Oberinntal;1114;1121;1148;1166;1189;1183;1199;1179;1198;1219;1268;1285;1303;1317;1288;1286;1276;1260;1243;1261;1243;1227;1244;1267;1271;1261;1274
LA;70621;St Anton am Arlberg;2269;2365;2405;2465;2481;2648;2730;2758;2738;2724;2810;2813;2838;2806;2713;2658;2625;2569;2532;2535;2498;2426;2426;2350;2353;2372;2358
LA;70622;Schönwies;1608;1624;1613;1631;1609;1632;1601;1636;1655;1666;1672;1680;1681;1711;1711;1686;1692;1693;1684;1712;1709;1706;1712;1726;1703;1697;1678
LA;70623;See;964;979;1027;1011;1032;1046;1050;1060;1089;1101;1116;1135;1088;1122;1126;1156;1169;1178;1169;1165;1167;1185;1197;1218;1260;1265;1263
LA;70624;Serfaus;1060;1079;1136;1254;1234;1244;1210;1213;1230;1120;1256;1265;1204;1175;1175;1187;1143;1117;1078;1080;1094;1086;1107;1127;1109;1134;1125
LA;70625;Spiss;120;133;137;134;135;133;138;142;137;142;137;143;143;147;154;150;143;137;141;131;131;126;126;118;117;114;109
LA;70626;Stanz bei Landeck;548;547;549;553;560;573;591;601;596;604;604;625;627;630;615;611;598;602;602;589;575;577;569;575;575;577;578
LA;70627;Strengen;1236;1237;1227;1229;1215;1243;1246;1247;1252;1247;1241;1227;1241;1230;1230;1237;1235;1215;1215;1204;1206;1217;1202;1205;1202;1213;1207
LA;70628;Tobadill;505;504;505;513;513;527;515;513;513;518;525;529;525;523;527;517;516;507;506;496;501;507;513;521;520;516;512
LA;70629;Tösens;681;689;706;705;684;677;694;705;699;687;678;686;680;691;683;671;667;667;675;665;676;679;685;690;719;728;754
LA;70630;Zams;3246;3367;3301;3329;3350;3368;3336;3360;3374;3376;3347;3369;3367;3309;3310;3323;3310;3310;3271;3265;3288;3347;3364;3413;3423;3409;3406
LZ;70701;Abfaltersbach;642;624;619;626;625;614;624;621;621;627;637;639;629;645;660;659;646;647;649;652;646;634;647;644;646;630;644
LZ;70702;Ainet;1016;1019;1019;1031;1010;1011;1018;1012;1009;1011;1001;998;993;980;962;955;955;940;927;919;920;910;912;906;924;936;933
LZ;70703;Amlach;263;259;286;295;301;302;309;304;307;324;317;339;352;361;370;388;383;373;363;376;388;413;470;478;471;489;491
LZ;70704;Anras;1327;1332;1352;1355;1359;1360;1335;1356;1339;1338;1327;1330;1335;1340;1300;1288;1290;1288;1290;1292;1292;1271;1256;1241;1233;1233;1227
LZ;70705;Assling;2222;2159;2160;2141;2111;2097;2083;2071;2073;2053;2028;2023;2029;1999;1980;1942;1929;1919;1884;1872;1853;1824;1814;1800;1783;1769;1784
LZ;70706;Ausservillgraten;1038;1030;1009;998;960;953;931;919;934;907;900;889;871;857;842;836;827;807;802;787;766;764;760;755;759;760;746
LZ;70707;Dölsach;2102;2149;2164;2159;2179;2203;2206;2218;2214;2189;2217;2239;2265;2256;2254;2301;2291;2279;2287;2269;2272;2244;2235;2319;2307;2338;2333
LZ;70708;Gaimberg;759;761;759;767;757;757;745;745;759;778;788;793;800;837;834;836;837;822;842;837;857;843;849;838;815;822;838
LZ;70709;Hopfgarten in Defereggen;921;926;932;910;916;900;876;857;846;835;820;805;791;783;786;785;777;761;760;764;744;734;725;722;715;704;696
LZ;70710;Innervillgraten;998;1010;1004;999;1000;994;997;1001;1008;986;984;983;993;1004;1005;1009;1007;1001;985;973;965;962;956;940;947;938;925
LZ;70711;Iselsberg-Stronach;510;507;506;535;558;545;549;574;574;572;585;593;597;613;609;603;619;608;594;611;600;602;604;600;598;596;605
LZ;70712;Kals am Großglockner;1321;1324;1319;1327;1332;1350;1352;1363;1355;1338;1307;1292;1294;1287;1292;1256;1251;1237;1232;1224;1223;1209;1204;1166;1139;1142;1132
LZ;70713;Kartitsch;983;982;977;964;956;940;928;923;918;894;894;886;870;871;869;855;849;854;840;833;822;823;812;807;808;803;771
LZ;70714;Lavant;255;256;258;254;259;267;269;272;278;269;274;275;271;279;285;280;275;276;287;295;294;290;301;303;319;320;325
LZ;70715;Leisach;845;870;865;849;888;891;901;895;903;890;895;895;891;884;876;860;842;842;813;815;787;783;765;745;754;729;718
LZ;70716;Lienz;12279;12303;12332;12375;12387;12298;12351;12265;12276;12071;11994;11937;12006;12057;12085;12006;11916;11917;11896;11758;11779;11903;11894;12044;11945;11844;11868
LZ;70717;Matrei in Osttirol;4728;4787;4803;4833;4870;4841;4837;4849;4852;4908;4900;4901;4931;4969;4993;4964;4826;4755;4750;4729;4684;4677;4682;4675;4663;4667;4635
LZ;70718;Nikolsdorf;917;912;904;895;886;886;870;863;872;861;853;852;861;863;867;868;870;874;885;901;897;879;864;879;910;894;888
LZ;70719;Nussdorf-Debant;2872;2902;2982;2997;3008;3029;3015;3068;3077;3097;3102;3189;3188;3229;3235;3253;3245;3208;3222;3301;3267;3261;3243;3238;3275;3325;3356
LZ;70720;Oberlienz;1393;1364;1383;1345;1368;1389;1407;1425;1442;1446;1446;1447;1457;1440;1443;1425;1408;1409;1384;1391;1404;1407;1441;1475;1470;1485;1495
LZ;70721;Obertilliach;810;810;798;792;787;784;794;797;805;788;769;762;754;752;754;746;738;725;712;709;708;693;687;688;688;666;666
LZ;70723;Prägraten am Großvenediger;1262;1283;1298;1316;1318;1307;1299;1302;1294;1277;1271;1261;1258;1260;1256;1248;1250;1232;1227;1224;1205;1182;1173;1169;1157;1149;1126
LZ;70724;St Jakob in Defereggen;1104;1133;1095;1111;1117;1029;1015;1009;1004;1009;989;986;990;968;950;935;942;940;926;924;906;899;879;866;859;848;842
LZ;70725;St Johann im Walde;304;306;307;311;309;320;315;312;311;300;307;307;308;300;308;307;301;298;296;291;276;276;274;283;287;285;287
LZ;70726;St Veit in Defereggen;796;810;803;808;796;783;787;779;788;794;781;770;770;771;775;765;751;735;738;730;727;724;706;693;685;670;652
LZ;70727;Schlaiten;474;461;460;479;477;487;495;492;493;501;496;501;502;494;493;482;479;476;469;470;468;475;474;474;471;474;471
LZ;70728;Sillian;2129;2097;2128;2094;2096;2091;2113;2145;2129;2113;2112;2078;2082;2087;2092;2100;2114;2099;2063;2058;2044;2045;2022;2044;2050;2051;2043
LZ;70729;Strassen;880;872;872;851;884;901;901;914;906;879;881;888;882;872;861;849;846;853;838;830;825;803;797;792;780;808;800
LZ;70731;Thurn;590;624;634;653;651;639;637;642;643;637;642;632;631;621;626;618;625;638;635;634;620;608;627;615;615;608;618
LZ;70732;Tristach;1247;1238;1251;1253;1276;1273;1259;1240;1254;1258;1287;1310;1305;1307;1342;1342;1359;1383;1397;1407;1399;1406;1391;1387;1394;1437;1440
LZ;70733;Untertilliach;300;310;303;293;297;293;289;290;283;272;267;268;267;271;272;262;258;250;249;248;249;245;244;245;236;237;229
LZ;70734;Virgen;2035;2065;2050;2073;2078;2103;2137;2128;2131;2137;2131;2118;2126;2137;2159;2153;2161;2199;2203;2200;2189;2173;2173;2198;2186;2199;2191
LZ;70735;Heinfels;967;980;980;997;994;1015;995;998;1006;1006;1000;1013;1027;1036;1033;1033;1014;1017;1008;1005;995;1028;1015;997;990;977;978
RE;70801;Bach;687;738;737;737;720;714;708;699;694;691;688;688;688;683;682;693;675;676;672;686;669;656;641;630;629;614;612
RE;70802;Berwang;575;608;622;622;652;640;636;639;641;621;618;600;599;594;602;591;587;593;591;584;571;565;564;554;547;565;564
RE;70803;Biberwier;608;571;583;595;597;611;613;601;584;599;606;609;610;606;622;630;639;643;644;630;640;627;617;628;625;628;612
RE;70804;Bichlbach;797;849;853;875;875;908;897;870;871;857;855;845;822;815;820;825;797;801;789;794;764;753;732;756;781;788;781
RE;70805;Breitenwang;1621;1617;1638;1626;1602;1605;1600;1566;1586;1596;1583;1568;1576;1567;1608;1614;1592;1548;1517;1527;1547;1516;1476;1463;1454;1423;1464
RE;70806;Ehenbichl;676;671;694;707;706;736;729;716;709;700;701;741;769;783;776;797;832;854;820;808;856;841;826;827;823;824;825
RE;70807;Ehrwald;2366;2365;2425;2579;2584;2570;2563;2586;2573;2587;2626;2627;2663;2662;2644;2649;2650;2630;2586;2580;2570;2585;2574;2585;2601;2593;2585
RE;70808;Elbigenalp;868;868;855;834;846;858;845;869;825;816;830;831;829;840;826;815;806;845;845;861;849;847;870;886;891;889;872
RE;70809;Elmen;379;378;394;395;404;395;399;398;389;386;385;391;391;387;398;388;396;392;385;374;378;370;372;373;378;373;370
RE;70810;Forchach;270;269;268;270;265;275;292;293;293;288;281;292;285;296;285;285;289;291;282;277;268;266;266;265;258;259;261
RE;70811;Grän;527;547;564;568;575;578;583;590;590;606;604;599;592;609;598;587;586;576;581;576;594;616;600;618;604;599;599
RE;70812;Gramais;49;54;50;56;56;60;59;61;60;58;57;60;62;67;63;67;67;60;52;53;54;47;46;51;47;45;41
RE;70813;Häselgehr;671;673;679;684;675;675;684;681;679;713;699;710;708;686;693;699;713;689;687;666;665;673;661;659;679;690;686
RE;70814;Heiterwang;512;519;527;532;543;545;547;547;548;538;539;529;528;521;535;526;528;517;519;509;507;507;492;500;515;532;531
RE;70815;Hinterhornbach;98;101;101;100;100;95;90;94;93;94;95;94;92;90;88;86;87;92;95;98;90;90;91;93;91;92;93
RE;70816;Höfen;1197;1200;1209;1225;1233;1236;1244;1257;1255;1283;1277;1273;1263;1285;1285;1260;1260;1253;1287;1268;1247;1247;1218;1207;1210;1200;1208
RE;70817;Holzgau;450;442;447;447;472;463;462;467;457;466;470;470;475;469;465;464;443;452;429;437;419;414;417;433;431;412;404
RE;70818;Jungholz;371;379;341;323;319;306;297;300;322;328;321;342;329;307;305;293;291;290;303;300;286;288;283;285;287;301;294
RE;70819;Kaisers;87;86;85;77;77;71;74;78;84;89;87;84;88;86;88;84;81;78;75;71;76;74;75;74;73;76;76
RE;70820;Lechaschau;1767;1791;1785;1838;1839;1814;1887;1870;1921;1880;1957;1947;1948;1953;1962;1972;1984;1984;1981;2041;2035;2060;2002;1988;2028;2108;2132
RE;70821;Lermoos;962;999;995;987;1015;1034;1048;1050;1041;1060;1059;1062;1083;1085;1082;1111;1098;1094;1104;1109;1102;1079;1100;1114;1144;1156;1158
RE;70822;Musau;368;356;357;371;370;357;370;384;382;371;367;362;372;381;376;381;396;401;405;397;398;392;389;390;391;391;387
RE;70823;Namlos;115;113;109;105;102;101;104;104;103;104;110;101;102;101;98;93;95;94;96;89;86;85;77;76;72;72;74
RE;70824;Nesselwängle;466;470;475;455;463;470;465;452;458;453;448;447;442;439;433;424;419;423;416;415;431;428;432;456;452;455;459
RE;70825;Pfafflar;134;138;138;131;131;134;142;143;137;139;134;131;131;132;129;125;124;123;120;123;117;113;110;102;108;112;108
RE;70826;Pflach;1004;1046;1055;1084;1102;1070;1110;1100;1105;1118;1111;1144;1214;1219;1234;1229;1243;1245;1250;1259;1268;1303;1317;1355;1409;1397;1422
RE;70827;Pinswang;417;416;411;408;410;411;405;437;438;434;427;421;428;427;428;426;421;424;416;417;411;406;405;413;411;412;406
RE;70828;Reutte;5670;5584;5551;5535;5528;5603;5644;5725;5693;5724;5777;5743;5727;5730;5773;5855;5851;5785;5896;6038;6090;6210;6340;6506;6638;6704;6772
RE;70829;Schattwald;406;427;431;411;419;424;413;409;414;406;404;407;412;416;407;410;417;423;422;426;421;425;429;426;422;437;450
RE;70830;Stanzach;410;415;415;403;399;404;400;414;423;421;418;415;408;407;403;407;411;414;415;418;418;432;443;441;451;455;465
RE;70831;Steeg;666;690;712;716;715;708;701;716;714;724;711;723;719;725;726;722;724;713;710;687;683;673;680;671;679;671;667
RE;70832;Tannheim;1003;1004;1013;1015;1023;1046;1043;1047;1044;1083;1087;1085;1081;1096;1085;1088;1082;1065;1046;1036;1053;1042;1040;1060;1075;1067;1100
RE;70833;Vils;1462;1485;1534;1560;1520;1520;1516;1558;1562;1571;1649;1642;1630;1592;1546;1552;1537;1539;1516;1478;1491;1486;1504;1507;1527;1535;1517
RE;70834;Vorderhornbach;277;276;276;283;284;286;281;286;285;282;277;271;277;276;272;263;257;257;259;264;256;248;249;248;243;245;246
RE;70835;Wängle;811;841;846;861;829;879;879;887;896;923;925;917;904;877;892;875;859;867;851;848;852;837;862;912;935;931;942
RE;70836;Weissenbach;1329;1341;1357;1364;1350;1346;1340;1311;1318;1330;1298;1309;1311;1318;1306;1311;1282;1288;1303;1276;1260;1261;1275;1262;1271;1250;1261
RE;70837;Zöblen;229;239;230;242;243;238;235;240;241;239;238;237;237;239;243;240;242;257;242;234;225;210;216;222;219;231;226
SZ;70901;Achenkirch;2127;2054;2093;2111;2112;2090;2084;2087;2064;2075;2093;2071;2048;2089;2113;2100;2132;2116;2155;2149;2130;2118;2105;2181;2226;2185;2199
SZ;70902;Aschau im Zillertal;1364;1378;1396;1417;1457;1464;1481;1493;1511;1550;1570;1580;1595;1600;1616;1595;1601;1602;1614;1731;1725;1728;1749;1821;1840;1866;1845
SZ;70903;Brandberg;336;341;339;344;341;339;335;344;344;347;351;346;349;357;362;367;355;356;349;348;354;353;366;359;358;354;361
SZ;70904;Bruck am Ziller;908;880;896;910;912;911;930;912;919;924;931;934;936;951;975;979;992;989;992;994;1021;1048;1048;1084;1090;1098;1124
SZ;70905;Buch in Tirol;2149;2196;2210;2242;2252;2309;2359;2394;2441;2473;2440;2459;2538;2518;2600;2594;2535;2570;2559;2539;2509;2512;2535;2536;2535;2548;2606
SZ;70907;Eben am Achensee;2216;2331;2417;2507;2603;2628;2619;2536;2671;2686;2698;2706;2686;2747;2782;2798;2805;2778;2790;2818;2880;2979;3016;3096;3168;3180;3255
SZ;70908;Finkenberg;1543;1542;1529;1533;1527;1524;1548;1518;1513;1534;1518;1532;1517;1552;1543;1524;1517;1514;1513;1504;1475;1441;1445;1447;1404;1421;1412
SZ;70909;Fügen;2986;3022;3113;3095;3144;3202;3286;3295;3372;3464;3534;3542;3577;3649;3658;3697;3719;3760;3796;3830;3917;3954;4018;4025;4097;4169;4225
SZ;70910;Fügenberg;1141;1136;1131;1140;1137;1125;1144;1155;1175;1184;1196;1202;1248;1292;1313;1309;1324;1314;1345;1340;1340;1358;1358;1364;1365;1405;1401
SZ;70911;Gallzein;468;467;476;482;471;494;486;488;490;508;531;542;546;549;568;567;572;570;562;597;620;625;641;646;663;668;671
SZ;70912;Gerlos;772;776;765;853;840;829;829;819;824;819;804;792;795;787;794;782;785;772;776;777;759;773;783;800;788;790;798
SZ;70913;Gerlosberg;357;358;363;367;374;392;392;397;394;398;407;424;432;449;449;454;459;456;469;484;471;475;469;466;464;465;464
SZ;70914;Hainzenberg;583;586;596;609;608;620;644;664;670;673;672;650;648;649;648;650;659;672;682;690;687;696;708;728;733;731;720
SZ;70915;Hart im Zillertal;1256;1268;1304;1288;1335;1352;1350;1317;1297;1294;1295;1313;1350;1377;1392;1401;1424;1428;1479;1510;1532;1549;1555;1567;1575;1587;1584
SZ;70916;Hippach;1371;1382;1376;1393;1405;1395;1388;1383;1400;1416;1409;1416;1390;1380;1372;1363;1368;1376;1372;1377;1401;1416;1409;1444;1462;1455;1475
SZ;70917;Jenbach;6266;6409;6448;6440;6518;6521;6502;6544;6571;6648;6728;6722;6850;6891;6858;6854;6921;6880;6847;6822;6870;6944;6955;7015;7088;7120;7175
SZ;70918;Kaltenbach;1027;1002;1004;1024;1029;1117;1125;1170;1175;1139;1152;1160;1202;1214;1242;1260;1237;1214;1227;1232;1243;1246;1268;1264;1288;1313;1327
SZ;70920;Mayrhofen;3453;3437;3464;3566;3667;3710;3720;3720;3753;3777;3827;3853;3865;3818;3814;3781;3933;3858;3826;3806;3803;3858;3864;3788;3840;3858;3875
SZ;70921;Pill;925;951;932;927;931;929;946;987;1021;1046;1068;1051;1040;1066;1057;1059;1065;1050;1061;1117;1123;1149;1143;1167;1165;1174;1181
SZ;70922;Ramsau im Zillertal;1216;1236;1236;1265;1284;1340;1358;1386;1383;1439;1455;1487;1517;1511;1544;1567;1580;1574;1582;1568;1570;1574;1591;1596;1622;1617;1647
SZ;70923;Ried im Zillertal;993;1009;1022;1031;1074;1105;1138;1163;1187;1186;1211;1259;1286;1275;1256;1246;1241;1237;1231;1224;1216;1224;1249;1269;1263;1280;1279
SZ;70924;Rohrberg;424;420;407;396;372;390;382;376;383;376;386;395;454;462;477;501;518;523;536;533;536;556;556;561;568;574;577
SZ;70925;Schlitters;1049;1026;1025;1067;1172;1228;1232;1218;1260;1266;1297;1322;1293;1329;1361;1350;1362;1375;1398;1400;1427;1434;1434;1454;1457;1481;1483
SZ;70926;Schwaz;11713;11902;11947;11917;11906;11868;11920;11985;12136;12163;12246;12274;12500;12582;12582;12774;12885;12910;12968;13036;13038;13187;13248;13436;13606;13728;13618
SZ;70927;Schwendau;1303;1324;1337;1379;1376;1366;1368;1395;1413;1430;1424;1444;1447;1474;1471;1486;1545;1555;1591;1605;1602;1638;1664;1679;1695;1725;1786
SZ;70928;Stans;1747;1745;1773;1809;1849;1865;1865;1863;1866;1876;1885;1888;1885;1885;1877;1878;1880;1907;1922;1933;1912;1915;1933;1975;1998;2035;2116
SZ;70929;Steinberg am Rofan;288;300;320;313;299;292;289;299;295;300;290;284;280;290;294;300;300;293;297;297;299;292;288;285;286;286;281
SZ;70930;Strass im Zillertal;802;780;793;777;788;814;827;814;794;811;818;824;824;846;826;844;845;849;846;839;819;830;824;830;848;836;843
SZ;70931;Stumm;1588;1665;1707;1759;1759;1777;1779;1773;1769;1771;1801;1791;1823;1813;1834;1835;1807;1812;1812;1794;1827;1835;1853;1854;1863;1885;1899
SZ;70932;Stummerberg;822;825;803;798;800;785;783;814;823;785;773;767;775;795;807;816;811;815;830;845;835;838;854;853;859;844;854
SZ;70933;Terfens;1783;1805;1810;1829;1858;1901;1904;1902;1955;1987;2010;2049;2025;2031;2028;2034;2024;2045;2056;2083;2107;2084;2122;2146;2173;2184;2188
SZ;70934;Tux;2078;2068;2039;2012;1968;1949;1916;1932;1939;1977;1976;1976;1941;1937;1933;1914;1913;1896;1899;1931;1914;1925;1915;1940;1960;1941;1964
SZ;70935;Uderns;1390;1397;1399;1414;1448;1468;1485;1509;1502;1532;1508;1559;1573;1573;1587;1605;1616;1626;1648;1662;1668;1671;1692;1753;1788;1845;1850
SZ;70936;Vomp;3962;3958;4007;3996;4166;4187;4250;4328;4351;4392;4442;4404;4415;4498;4497;4491;4592;4591;4630;4655;4696;4743;4833;4991;5026;5146;5181
SZ;70937;Weer;1329;1347;1286;1428;1403;1344;1344;1324;1344;1413;1462;1480;1489;1492;1485;1484;1500;1501;1537;1539;1520;1485;1513;1514;1531;1539;1626
SZ;70938;Weerberg;2019;2065;2116;2158;2181;2195;2214;2208;2202;2198;2197;2217;2242;2262;2269;2270;2254;2297;2316;2331;2368;2396;2418;2473;2514;2482;2496
SZ;70939;Wiesing;1633;1684;1686;1701;1697;1708;1699;1722;1740;1791;1848;1836;1857;1876;1947;1994;2000;2007;2008;2045;2057;2033;2057;2063;2076;2124;2140
SZ;70940;Zell am Ziller;1934;1928;1957;1974;2000;1946;1927;1885;1884;1857;1871;1841;1809;1824;1809;1764;1763;1745;1722;1742;1760;1768;1749;1720;1738;1758;1702
SZ;70941;Zellberg;666;673;697;700;700;698;694;688;701;687;645;651;644;650;646;643;647;651;628;631;645;655;649;651;653;648;645
