Bez;Gemnr;Gemeinde;2000;2001;2002;2003;2004;2005;2006;2007;2008;2009;2010;2011;2012;2013;2014;2015;2016;2017;2018;2019
I;70101; Innsbruck             ;730456;685994;653060;630769;670168;681156;696371;730242;727773;641945;750690;753707;785081;812140;839178;895723;890975;925877;985134;999749
IM;70201; Arzl im Pitztal       ;75836;71599;69645;71103;67580;69060;63287;69012;68404;71727;71775;64230;60588;60995;62867;57369;47250;58492;61924;65482
IM;70202; Haiming               ;47318;44899;54101;53313;47691;50772;51507;50711;47039;42035;45781;39567;40919;55354;57419;61714;65273;74677;80373;76541
IM;70203; Imst                  ;112164;97202;125549;129141;122898;120139;112734;136195;139566;131313;135254;138287;131901;138517;131788;124459;132692;133409;157602;158951
IM;70204; Imsterberg            ;6510;6044;7123;7458;8650;6479;5957;4240;4851;4985;4834;5057;5638;5803;5291;4288;5305;10172;5824;7970
IM;70205; Jerzens               ;66103;61726;61837;64560;66499;67420;83290;99857;87988;84689;80573;84007;79481;82783;75945;73211;91498;88259;88358;86239
IM;70206; Karres                ;2446;2753;3025;4262;3236;2709;2716;2143;2096;1961;2654;3341;3141;2939;2586;2902;2799;2882;2978;2752
IM;70207; Karrösten             ;11375;10448;11913;11637;13285;15311;15796;14525;13941;14334;14700;19497;18268;18908;19885;20800;23568;23327;22948;22608
IM;70208; Längenfeld            ;192890;195482;209221;224716;238110;239125;230399;249845;258136;262853;257056;254644;263591;277888;284932;296785;312800;310859;302741;329116
IM;70209; Mieming               ;85477;77628;76859;73110;72287;74172;74797;77093;75380;73809;75372;81886;85114;85958;86577;87097;90757;91320;95123;102674
IM;70210; Mils bei Imst         ;640;695;469;2405;2915;3010;2727;2897;2880;2563;2303;2541;2259;2241;2274;2224;2339;2181;2414;2254
IM;70211; Mötz                  ;2346;2635;2121;633;699;796;598;662;598;540;483;465;918;641;725;555;590;436;381;275
IM;70212; Nassereith            ;65840;63357;69370;63526;56050;54264;50344;52575;46483;46278;42320;42007;45925;44311;43304;46045;47039;48353;55736;55034
IM;70213; Obsteig               ;110892;96761;100315;93660;85900;77124;77604;91126;97448;78364;77533;60548;58645;80315;80905;87383;81788;85108;88632;91292
IM;70214; Oetz                  ;130882;123305;120184;130786;115388;112982;99350;109622;111597;111708;110106;118257;116073;117498;117569;120385;125117;126122;123007;125770
IM;70215; Rietz                 ;2808;2974;3155;2361;3219;2417;2484;4437;5070;4604;4804;2528;3994;2234;2552;5055;4878;4548;4911;5325
IM;70216; Roppen                ;10933;9697;9178;8368;9118;8393;7765;7699;7218;8839;20522;31696;43838;46251;47636;51490;52936;47396;46848;45315
IM;70217; StLeonhard/Pitztal   ;164836;157519;164986;153473;160676;155731;148293;152151;165238;155054;162043;157365;164232;183337;186419;178140;192483;192263;185859;199205
IM;70218; Sautens               ;50796;50360;46583;49665;45707;48670;48752;50566;54875;55877;56317;55836;47326;53822;52980;55406;58412;56027;58128;55519
IM;70219; Silz                  ;35750;21349;14242;16682;15274;20971;19873;24315;24199;21395;18747;16327;23002;20078;18035;13776;14646;16450;17577;13621
IM;70220; Sölden                ;401066;371144;390493;381430;371703;376492;309957;352310;382308;383588;386423;405907;404520;427873;440161;433049;484615;483784;479686;509811
IM;70221; Stams                 ;10045;9077;7329;7726;10160;10848;12431;16364;14631;13392;12947;10653;13247;14661;14117;15912;15357;15133;14633;16409
IM;70222; Tarrenz               ;27188;28176;30041;35091;33125;32633;32616;30197;26715;24096;30718;35852;31995;30996;29363;35157;34117;40468;43590;37792
IM;70223; Umhausen              ;81730;78228;81793;87555;87470;80462;72105;74127;82225;85661;83685;103422;125485;128392;124737;120199;128429;125287;135957;150756
IM;70224; Wenns                 ;59559;58540;60822;60928;57378;58135;55666;57392;59062;64368;67032;65421;64171;61188;62744;61411;67710;70804;69970;65552
IL;70301; Absam                 ;11662;11199;11936;11820;11591;14099;15133;15215;17485;16701;14000;18093;13250;16580;13309;15954;13818;14546;18006;17033
IL;70302; Aldrans               ;14967;15174;13972;12057;12072;12904;11029;11242;11265;10619;10194;9476;9552;9259;7957;9099;8890;9934;10610;9267
IL;70303; Ampass                ;8173;7152;10186;10058;8598;7544;7281;8324;7569;6538;6162;7049;6971;6939;6870;7112;9319;11266;10702;10483
IL;70304; Axams                 ;37326;45808;37098;38845;42065;44654;43739;44882;46340;41429;50938;55776;56209;58298;60953;75639;66672;76852;83012;84286
IL;70305; Baumkirchen           ;1656;1848;924;1083;1257;844;1336;1817;290;476;634;30;134;368;803;851;931;1437;1189;1550
IL;70306; Birgitz               ;13577;13212;12526;14456;13108;13030;13494;15251;14527;11871;13302;12281;10764;8014;8039;8516;7985;9641;8726;8621
IL;70307; Ellbögen              ;4877;5300;5874;5764;4520;5136;5055;5291;6555;5759;7636;7052;6851;7603;6912;5034;6500;9152;6859;7257
IL;70308; Flaurling             ;1626;1471;1390;1507;1849;2240;2124;1841;2529;2123;1446;1441;1626;2039;1750;1572;2049;1927;1399;1433
IL;70309; Fritzens              ;2734;2037;2383;1685;1930;1988;2376;1404;1396;730;787;1087;960;795;1031;1100;1085;788;1160;1147
IL;70310; Fulpmes               ;124061;127253;136365;139607;129302;129139;121032;126666;137323;129897;148712;134764;143234;155687;133755;138963;142222;150868;144337;138463
IL;70311; Gnadenwald            ;7670;6473;7187;7633;8348;11602;12943;13796;13793;13733;11227;11515;12165;10456;10208;7524;8608;8816;8507;8793
IL;70312; Götzens               ;34978;35751;43935;43573;41679;42134;47847;55001;40956;40619;44835;42187;45335;47615;49418;50688;44939;51578;47169;46275
IL;70313; Gries am Brenner      ;16419;11858;15076;15844;16219;16920;16046;20015;16948;18010;19819;21718;20410;17730;18094;19102;18466;21813;22278;24787
IL;70314; Gries im Sellrain     ;22008;18424;19392;18671;21358;18066;16687;15510;16240;16074;16867;17683;17208;17873;18647;17043;17487;21064;21094;19660
IL;70315; Grinzens              ;531;439;461;533;311;167;965;901;1384;2575;1958;2100;1478;1657;1566;1926;3213;3094;2633;2349
IL;70317; Gschnitz              ;21910;24989;24083;21116;16870;12329;13258;15840;16548;14780;14138;13346;13940;11985;14030;20563;24825;26067;27234;28335
IL;70318; Hatting               ;2473;2270;2164;2096;2714;2311;2581;2107;2450;2708;2334;1799;2073;2451;2167;1936;1832;1903;2292;2229
IL;70319; Inzing                ;8123;7643;6558;4792;5339;5314;6158;6386;6567;5561;5624;5024;6110;5234;7269;6529;7225;6733;7395;7244
IL;70320; Kematen in Tirol      ;8716;7149;6965;8039;7317;6966;7246;7929;7811;7523;7760;7204;6313;6832;6826;6518;7570;8377;7586;8195
IL;70322; Kolsass               ;4515;5037;6736;8408;8408;8616;13250;9221;9708;8754;10025;9706;10169;10214;10344;12292;13239;12973;13964;13786
IL;70323; Kolsassberg           ;10949;12843;12803;14493;15362;15861;14721;15286;16157;14545;16034;15656;16483;15416;17839;19663;23234;22491;23138;23346
IL;70325; Lans                  ;17218;19244;19177;19809;18713;16049;20235;23911;24344;23181;22250;36468;41451;42474;39881;40378;29029;44173;42194;44934
IL;70326; Leutasch              ;253399;250933;263936;254738;248080;233131;209077;217619;223233;210172;218191;219842;220831;228065;215100;231137;235102;244766;267520;257092
IL;70327; Matrei am Brenner     ;21397;16760;18153;18097;15616;14418;15293;16934;15167;16727;19923;17434;16563;15556;13968;15093;18426;18707;15367;18013
IL;70328; Mieders               ;29183;30131;32443;34964;33141;35660;31754;31266;32522;24509;23413;22696;23614;22142;24634;25527;26327;29388;27810;25259
IL;70329; Mils                  ;22885;24826;21330;16214;13795;13826;13440;13342;14711;13863;14583;13975;13261;13027;12765;14177;11983;15693;15925;13724
IL;70330; Mühlbachl             ;17876;17132;16213;16381;15613;17445;16003;12039;15469;13834;15071;13624;12021;10997;11277;13151;12028;14453;12392;14037
IL;70331; Mutters               ;35737;38347;36653;36291;32424;33529;37387;36739;35786;34752;40772;35817;30509;31693;30994;32114;36163;48782;54469;53028
IL;70332; Natters               ;45400;50898;63240;59754;57925;57426;54336;52054;76563;67059;70060;75136;80000;70096;67921;72045;87874;94843;106455;104741
IL;70333; Navis                 ;9003;10235;9983;9867;7420;7104;6058;6008;5593;6416;5275;4937;5091;5341;5915;7830;9422;10741;10001;11522
IL;70334; Neustift im Stubaital ;412550;400095;492362;497162;467304;466052;448514;439093;462222;442214;456375;457255;435769;440852;437663;461109;502576;523180;517842;533600
IL;70335; Oberhofen im Inntal   ;4321;3616;3614;3477;3261;3301;3611;3744;3516;3548;2250;2273;2308;1862;1978;2225;2320;1269;1647;1705
IL;70336; Obernberg am Brenner  ;16448;16228;16722;14904;14988;13935;15062;16128;14784;14905;14500;12054;14521;13439;14528;13347;16866;20030;19709;20552
IL;70337; Oberperfuss           ;22794;20570;22416;21610;23392;23204;24509;20442;24972;20836;23597;27486;28752;28091;28271;23811;24199;26730;26636;25324
IL;70338; Patsch                ;11819;12901;10024;9809;7876;6288;7654;6947;9260;7197;9481;10024;11078;9544;11225;9642;8797;12629;11164;12845
IL;70339; Pettnau               ;3030;3571;3257;4402;5994;5873;6561;9535;7339;7880;8427;8714;8335;8432;7192;6441;6468;7270;7493;7285
IL;70340; Pfaffenhofen          ;6898;5811;6424;6830;5595;6272;5222;5363;4661;4621;4575;4504;5428;5252;5107;5630;7077;6953;4639;4595
IL;70341; Pfons                 ;13644;12311;12551;12116;10393;10848;8933;9655;11078;12020;10107;11035;10271;10834;10816;9961;10247;3916;10554;9404
IL;70342; Polling in Tirol      ;50;91;12;49;32;66;16;36;0;44;23;2;44;14;40;6;50;22;63;0
IL;70343; Ranggen               ;196;314;666;342;520;521;1386;1242;873;715;777;286;343;289;170;194;141;175;567;211
IL;70344; Reith bei Seefeld     ;96159;84905;73346;60195;63506;73903;64868;62532;71132;82656;81580;50895;47038;46684;68399;85677;84842;94549;93718;93133
IL;70345; Rinn                  ;23217;25435;25607;28007;25861;21126;24703;23469;20221;14469;17917;14925;15308;10663;6299;7163;8037;7770;9095;9013
IL;70346; Rum                   ;18843;18645;21668;18648;26448;26566;27923;26856;24796;21695;24141;26576;25105;26794;27146;32084;27808;29502;31312;29865
IL;70347; StSigmund/Sellrain   ;10563;11679;11754;11136;10331;9162;8935;10010;9182;9950;9784;9705;11283;12391;12546;13332;15657;15883;16643;15917
IL;70348; Scharnitz             ;29290;31008;28865;26871;23223;25247;25271;26842;29024;30845;29850;29829;33454;34556;35133;37707;37878;41352;50152;48583
IL;70349; Schmirn               ;6993;7924;10190;8141;7525;8314;7582;7529;7084;6650;6825;6733;6794;6084;5312;5287;6259;5981;7557;13254
IL;70350; Schönberg/Stubaital   ;18433;19496;23998;21490;19855;20894;18183;19247;19700;15095;19130;17641;13047;14027;14678;15445;16263;15713;16275;14726
IL;70351; Seefeld in Tirol      ;556886;555355;549637;555551;556644;543506;557991;544610;527147;498254;535189;517406;549036;566696;545940;618064;583413;596222;597394;572380
IL;70352; Sellrain              ;3582;3695;3111;3438;3083;3429;3722;4286;4096;3667;5135;5572;6869;6796;6906;5915;6765;6712;8375;10622
IL;70353; Sistrans              ;3854;4319;3208;1496;2016;2078;2027;3616;2142;1370;1341;1500;1714;1618;1499;1873;1419;1439;3744;4628
IL;70354; Hall in Tirol         ;30941;33290;27906;31059;34641;33625;29573;31822;41808;39555;33426;33881;37378;32976;35595;42744;40554;64441;68038;70082
IL;70355; Steinach/Brenner      ;60047;44817;39678;39705;37973;34567;32022;43767;44550;48607;55532;43625;48570;39767;33107;39706;42150;40769;34825;37680
IL;70356; Telfes im Stubai      ;37406;37069;38391;44458;38447;39231;26778;27157;25642;26452;26776;34132;30022;32099;34758;36016;37454;37957;41182;50821
IL;70357; Telfs                 ;136606;132685;130887;123167;138046;136963;133063;129891;124034;115839;122820;129271;123060;121573;131692;127758;134058;140729;142321;145185
IL;70358; Thaur                 ;9403;7372;10644;11631;12900;12312;10665;10722;10049;8298;11812;10785;9069;9913;7472;14808;13096;10964;10319;9005
IL;70359; Trins                 ;43333;41952;43179;40055;35848;36369;29859;30837;29413;27727;26290;27678;29199;23258;22374;20385;19969;19677;21947;21439
IL;70360; Tulfes                ;26048;24475;27483;29233;28074;26013;25673;31127;33369;26857;19606;25057;24475;26080;24540;25951;24952;25051;29658;26171
IL;70361; Unterperfuss          ;1695;2175;3011;1989;3680;3258;3112;2601;2528;2814;2129;2336;2192;2072;1725;1629;2001;1880;2580;2663
IL;70362; Vals                  ;7086;6932;6412;6203;6618;9162;5752;3988;4087;3829;3234;5912;4662;3466;3754;5516;5464;6087;7230;7783
IL;70364; Völs                  ;736;563;709;567;985;976;1279;1663;1559;3791;2582;2813;2551;2701;1850;2776;2202;2565;3684;2942
IL;70365; Volders               ;24244;25564;27757;28434;29064;26855;20595;21879;19680;21106;15947;15428;17817;16716;15031;22604;26418;24786;24821;26703
IL;70366; Wattenberg            ;1615;1733;2891;1933;2087;2385;3978;5599;4673;3136;4303;4149;5291;7619;6372;5364;8300;6927;9724;7272
IL;70367; Wattens               ;14308;10885;13169;12307;11546;11303;9702;10180;12083;11379;9464;11760;14287;12294;14172;14360;13620;16419;15463;14011
IL;70368; Wildermieming         ;32057;30535;35888;37743;33249;32441;29854;28483;28225;27156;25820;27726;23013;25220;25224;23728;23698;23809;23360;23009
IL;70369; Zirl                  ;19532;20004;18634;19751;22417;26761;26544;21450;21439;20537;23199;23251;26066;26379;26061;26064;28120;27919;28529;31113
KB;70401; Aurach bei Kitzbühel  ;31348;28778;27314;36248;31628;30234;27455;27495;36026;37611;31910;35231;35131;33647;38094;39587;42270;36240;38289;30807
KB;70402; Brixen im Thale       ;84724;82238;83418;85767;82914;76330;67294;70681;79051;83129;78530;77068;83180;79756;83432;86706;97327;108387;118232;124939
KB;70403; Fieberbrunn           ;183169;170827;215454;195684;198243;190076;180351;177042;174081;190779;205512;200544;211074;211003;227856;234664;240694;198067;225226;235975
KB;70404; Going/Wilden Kaiser   ;144158;142840;168587;164804;162812;157089;151123;152322;160530;168811;169197;171940;171633;169492;182931;191786;206614;199373;203123;207046
KB;70405; Hochfilzen            ;15326;15217;15562;15503;15619;12057;12268;12189;13458;13329;12566;16312;17751;16699;19900;22782;25561;28653;35238;35690
KB;70406; Hopfgarten/Brixental  ;164210;162579;174273;162453;167992;163997;139745;142832;140792;167244;155635;160158;154338;165089;155960;159550;174533;189296;204556;210218
KB;70407; Itter                 ;33453;31055;39136;44742;50028;45563;40885;40749;39023;37929;37528;39376;36903;45073;44018;51303;56598;55652;59375;64603
KB;70408; Jochberg              ;20056;19247;18302;20309;19530;19737;14102;15169;19675;20134;27279;25411;34590;41241;42845;53332;57551;56992;52428;49084
KB;70409; Kirchberg in Tirol    ;353143;326822;330236;314611;331643;376438;380701;390525;407339;385319;375662;367714;366343;368857;373268;372720;395971;396911;391635;401158
KB;70410; Kirchdorf in Tirol    ;171967;171189;185265;181684;183048;175031;170290;165840;176021;165445;161034;172161;174848;178257;175952;174168;176353;176179;177323;173456
KB;70411; Kitzbühel             ;326267;320190;314844;298671;295916;283308;310648;300693;298291;292129;309617;313809;308769;334625;348667;357188;373718;368766;357564;373109
KB;70412; Kössen                ;298085;297239;343464;348044;329040;321675;306808;301164;310844;311805;305615;301879;301223;277634;291292;295401;313826;317680;321974;358953
KB;70413; Oberndorf in Tirol    ;90362;90437;97440;96186;94577;89440;80203;79522;86452;83795;78133;76947;73197;70531;68517;66486;70700;66936;73341;76202
KB;70414; Reith bei Kitzbühel   ;44898;50779;55913;63060;53618;55170;48602;54540;62619;61017;51741;52395;56058;61246;61301;66788;68325;72613;74229;72048
KB;70415; StJakob in Haus      ;32951;33566;35759;34315;30383;28745;29881;31103;29416;31360;28720;27525;28128;29624;30601;28090;30329;27621;33445;33997
KB;70416; StJohann in Tirol    ;227637;222880;226304;234360;217231;215864;224118;231318;231345;201071;182533;188016;183927;175891;163897;198077;218440;253007;261234;261733
KB;70417; StUlrich/Pillersee   ;107561;102905;115018;123454;97815;102778;116224;97051;83875;74890;82501;90914;78379;84530;82968;81176;69973;74134;79330;70075
KB;70418; Schwendt              ;21208;18916;21650;21920;22302;22182;22232;21787;23588;26439;24732;24667;25990;26331;25884;28725;29298;31354;34678;34512
KB;70419; Waidring              ;95803;102759;91827;83179;78120;76112;64027;56213;59398;68194;60344;64397;52560;55453;78809;78891;82285;77227;88110;95034
KB;70420; Westendorf            ;162227;162261;154649;164599;166214;152182;147738;149237;150717;149815;139807;140335;147546;150903;154312;165510;171935;173931;184992;183336
KU;70501; Alpbach               ;111191;97415;103235;99908;102086;101814;121017;118384;126593;139392;162549;162813;160437;159577;157560;158878;184817;192368;187448;174942
KU;70502; Angath                ;12805;11336;12173;10640;12732;13960;12459;11888;11852;10822;9715;9269;9408;9644;9347;7216;5045;5794;8073;8226
KU;70503; Bad Häring            ;71231;80026;89708;87723;86800;83757;86413;89408;88896;87203;88420;89665;90813;89639;90581;92825;100362;102962;104932;107486
KU;70504; Brandenberg           ;21960;22077;24202;22326;21125;19609;19383;18242;18964;19287;18764;20022;18172;20189;20846;20505;21945;22507;22555;22553
KU;70505; Breitenbach am Inn    ;25925;23725;26595;25065;26575;20071;22821;21921;21530;23031;22404;22919;23391;22756;21817;24043;27360;26492;24908;28154
KU;70506; Brixlegg              ;13465;15309;12596;11691;12029;21715;7126;8903;5454;5930;5475;7185;6916;6922;7763;11874;11737;13041;12520;11537
KU;70508; Ebbs                  ;79667;77233;89722;84115;83058;82720;82611;83711;85229;80809;79317;81155;81971;84372;80245;83215;85836;84145;84630;83965
KU;70509; Ellmau                ;312839;316366;332234;320654;316207;308189;294513;292096;302985;308604;288538;321560;335709;319869;352799;371859;398305;382508;423414;451435
KU;70510; Erl                   ;16968;17692;16344;15301;11916;14688;14908;16361;19969;14865;17519;24695;23048;26423;23219;20075;22828;21445;29480;30774
KU;70511; Kirchbichl            ;16662;18151;16404;14351;13003;13168;16575;15436;12613;11972;13983;14942;16521;12200;13338;11960;13820;15098;12852;11928
KU;70512; Kramsach              ;113443;118452;132266;148959;147835;131234;135101;120321;122846;129413;140506;145837;142510;148647;140268;135203;152023;146844;163690;152457
KU;70513; Kufstein              ;102952;100976;101331;100683;101275;101904;89421;100620;98808;89017;95743;89406;93415;82445;77689;81899;85523;87694;97285;99319
KU;70514; Kundl                 ;5727;5907;6270;6544;5886;5632;6321;4064;4242;3250;2624;4379;3292;3405;3113;3040;5083;3554;4171;3532
KU;70515; Langkampfen           ;18952;15784;15715;16146;14168;15262;14584;15889;14146;13115;11788;12137;11887;13091;10424;10999;16253;11859;10621;12438
KU;70516; Mariastein            ;10739;10795;10923;10355;11397;13316;7784;11266;12076;12240;9057;10543;10709;10033;10229;12202;13099;12938;6118;6945
KU;70517; Münster               ;30903;29510;30084;25816;22875;22026;15489;22064;28161;25920;29433;26084;23098;22898;22421;22516;22447;20392;19806;19448
KU;70518; Niederndorf           ;23811;24448;22147;23833;20497;19753;17116;14451;18417;16853;16910;14760;17028;13508;12555;13095;13139;11282;11311;13010
KU;70519; Niederndorferberg     ;1650;927;850;1265;1193;1312;1524;1478;1336;1171;2173;1534;1416;1785;2411;2388;2733;2984;3071;3427
KU;70520; Radfeld               ;37427;37496;37880;36901;35116;35530;31317;27508;27841;30478;29573;33289;32175;28991;29777;32839;29770;30999;32780;31673
KU;70521; Rattenberg            ;896;906;1803;1314;1729;1309;1269;873;1450;1632;1338;1595;1508;1292;854;770;855;982;1458;1524
KU;70522; Reith im Alpbachtal   ;144586;125680;124892;121025;119262;119784;111023;103692;101449;95952;92336;97777;97469;91669;90293;88513;89954;92634;90250;88298
KU;70523; Rettenschöss          ;8497;9820;9780;8801;8834;8735;9179;8688;9393;9569;9080;8364;9581;10259;9579;9840;9874;10574;12187;12358
KU;70524; Scheffau/WildKaiser  ;109067;101140;114674;107164;102126;119745;116997;112009;125468;116088;112626;116305;119723;118498;123395;131045;135826;129677;142764;139791
KU;70525; Schwoich              ;11708;12249;11055;13797;12024;10432;10362;9532;9177;11651;8167;7909;7766;8930;7770;7690;8672;7773;8581;9553
KU;70526; Söll                  ;202352;181257;190528;209126;200132;197064;197456;204533;199550;193045;190624;189508;193896;187968;215048;239673;260477;264180;268915;272420
KU;70527; Thiersee              ;155563;141381;149037;151099;135527;133093;118759;119231;131686;127302;112440;118664;111532;122003;123287;128294;128256;118226;131542;131227
KU;70528; Angerberg             ;21356;17767;14887;14929;15558;14523;16480;19927;12544;10223;9778;8809;9808;9544;12128;12023;14628;13715;15632;13471
KU;70529; Walchsee              ;193761;194983;218791;217331;208171;187797;177024;187505;193155;187758;186391;195280;210664;196957;189227;195029;214408;201394;244980;242872
KU;70530; Wildschönau           ;331223;323549;313304;322421;299653;303380;324159;304443;283410;266825;254560;255234;286327;299237;302472;316602;338757;349746;357851;374255
KU;70531; Wörgl                 ;37853;36863;39142;36467;37139;34803;36807;35405;34874;30566;30435;32788;27848;29856;34470;38825;38905;34514;31501;39936
LA;70601; Faggen                ;1637;1816;1548;2086;1617;1594;1583;1633;1254;1360;1241;1239;1169;1087;1140;1041;1640;1502;2237;2131
LA;70602; Fendels               ;23997;28809;28668;28818;27740;33124;31025;32591;35408;32288;32146;32531;34689;34912;35092;32159;35063;35275;38427;37394
LA;70603; Fiss                  ;158627;156782;170528;168179;170418;180919;183840;212591;226608;237005;247526;270071;284305;290211;265326;324452;365536;362137;354115;364617
LA;70604; Fließ                 ;32194;30223;32324;33053;29594;31299;28680;33519;33620;30911;30420;34434;35680;36075;38579;37752;39619;40376;40777;39148
LA;70605; Flirsch               ;34510;30105;35596;38586;36147;34594;31029;35510;37316;37348;40776;36150;38621;44224;33561;36430;43656;47539;44278;40654
LA;70606; Galtür                ;109664;114181;115926;124031;112133;106385;107139;98595;100964;112581;109365;106498;103418;130308;145698;147064;149463;139515;129355;140560
LA;70607; Grins                 ;11358;3368;4014;3964;2801;2478;2323;3155;2965;3039;2907;2782;3033;3308;2548;3004;3525;3680;4139;3744
LA;70608; Ischgl                ;106150;115157;101071;132419;136818;111886;122206;107754;135869;119198;102127;95509;95100;112278;149728;138498;128257;124661;124641;140212
LA;70609; Kappl                 ;62009;54547;60898;59528;61008;47618;49858;45749;56290;54327;57862;59585;62792;86128;98990;91946;102263;104822;100204;106971
LA;70610; Kaunerberg            ;8402;7321;8711;9942;9718;7021;9613;10773;10212;8548;9038;9800;8210;9830;9748;9968;9968;9630;8802;9597
LA;70611; Kaunertal             ;94884;105075;107896;110986;123065;108319;111137;117512;122967;122093;122173;122267;118340;128392;126087;126607;133840;146370;140869;133357
LA;70612; Kauns                 ;6001;5484;5348;6838;5511;5415;5330;4831;5231;6394;6008;6830;5625;5885;5504;5371;5603;5992;7173;7119
LA;70613; Ladis                 ;50537;42800;41614;43414;39711;43705;42015;53180;57552;59156;70824;85108;91113;88802;95449;93932;113061;117977;122684;140457
LA;70614; Landeck               ;76049;75967;70441;71911;70436;68407;62944;69064;66526;65045;63699;63347;60559;59164;56504;55486;48825;52097;51595;48912
LA;70615; Nauders               ;196453;191162;191007;191706;186373;176657;181164;200924;200897;200374;180451;209163;202108;192682;194686;202744;217553;231125;232709;232940
LA;70616; Pettneu am Arlberg    ;52985;33568;30847;31506;45980;40429;42303;54691;58360;58141;52051;49339;44255;41449;40129;48738;58709;53580;55388;61323
LA;70617; Pfunds                ;95992;87645;102349;98591;95769;92423;84900;85861;89447;95832;94157;90898;85927;93652;101880;97304;104387;99927;101800;101080
LA;70618; Pians                 ;3993;4196;4118;2833;2875;2804;1601;1812;2448;1904;1443;1910;2257;2910;3720;3918;3170;3139;2841;2770
LA;70619; Prutz                 ;27250;33991;32450;45364;39790;37448;29015;34178;30760;29853;30502;40268;41416;37215;36557;39744;40657;44919;47260;50480
LA;70620; Ried im Oberinntal    ;82071;87441;95492;122064;105402;96904;104319;117119;120289;122457;113669;118276;111550;109103;117394;109608;109617;123912;121598;128308
LA;70621; StAnton am Arlberg   ;113732;117556;123052;128298;166246;135423;143416;122253;124355;119525;123269;117963;113664;123885;134849;159569;185211;187023;203812;196173
LA;70622; Schönwies             ;2453;2092;3333;1975;2480;1599;1845;1400;1333;1117;1508;1320;1424;1635;1370;503;658;673;624;781
LA;70623; See                   ;71138;62859;59301;63431;56320;41911;54231;54613;54481;61122;42450;47911;47382;58494;58139;55785;71354;73861;78442;81048
LA;70624; Serfaus               ;209251;207007;217833;240149;245891;245815;257996;297935;296166;312946;336560;366169;375737;381727;387532;405691;439317;446829;445351;482321
LA;70625; Spiss                 ;6133;5717;5419;5683;5691;5058;4947;4296;3016;4240;5253;6334;6614;7759;7863;8785;9425;9193;4806;9479
LA;70626; Stanz bei Landeck     ;608;686;493;445;255;429;426;182;211;131;197;89;50;64;95;98;63;65;81;112
LA;70627; Strengen              ;2434;1569;1289;1759;1581;1713;4645;6974;4722;5440;1914;1960;3764;3891;3681;3240;5930;5953;6180;5840
LA;70628; Tobadill              ;5733;5133;5393;4675;5934;5746;6299;6351;8498;8139;7692;6814;7006;6251;6512;6660;7119;7211;6745;7949
LA;70629; Tösens                ;6091;5845;6891;7329;6233;6598;4687;4798;4631;5062;5329;6597;5825;5868;6313;6259;4393;4325;4185;5464
LA;70630; Zams                  ;37297;30915;31115;35359;32032;35169;31848;39462;45002;42684;42993;43693;45349;48060;55715;56836;61731;62103;63501;63867
LZ;70701; Abfaltersbach         ;3161;3018;2560;2729;2577;2110;2171;2062;1548;1855;1468;1698;1857;1331;1604;1720;2127;2095;1987;3034
LZ;70702; Ainet                 ;4030;4763;4798;4379;3806;3177;3161;2795;2622;3123;3181;2872;3457;3915;4949;5056;5044;6243;7309;7802
LZ;70703; Amlach                ;27353;30694;33992;37424;40472;38037;37555;39193;38663;39064;37830;36986;38743;35521;32390;35605;38660;36246;35395;35920
LZ;70704; Anras                 ;7991;7739;8050;7786;7134;8471;6939;6788;7575;7294;7770;6859;7407;6576;6345;6728;7430;8378;8845;9787
LZ;70705; Assling               ;10563;10020;11326;11282;11383;10668;11297;10711;10429;10533;10520;11214;11545;11828;10484;11140;11899;11585;13624;13328
LZ;70706; Außervillgraten       ;12406;12457;13942;12492;11564;10615;10747;9164;9218;9523;10975;9952;9893;9462;10273;9076;10918;12592;12925;12665
LZ;70707; Dölsach               ;10636;8011;7356;7788;7366;7103;6957;6476;6492;5957;5846;6067;6777;6647;6287;6913;7861;8055;9076;9200
LZ;70708; Gaimberg              ;16166;15521;15254;17244;15107;18741;21019;21792;21301;17459;16923;19372;13132;17934;16719;17372;19414;19795;21032;20973
LZ;70709; Hopfgarten/Defereggen ;14202;17172;17177;15345;13654;13478;12323;10052;12186;14301;15729;18829;20849;21004;18421;19554;18628;17977;15303;16879
LZ;70710; Innervillgraten       ;31593;31133;32245;31210;33946;31546;31996;30455;31511;32150;31887;32167;33944;32054;29379;28523;33302;33313;35502;35445
LZ;70711; Iselsberg-Stronach    ;16110;17724;19260;20308;19191;16854;15851;21754;20845;18877;19565;19243;19555;19106;17359;18068;18139;19581;19870;20718
LZ;70712; Kals am Großglockner  ;80786;79358;76878;78356;74327;74178;71026;69317;71385;71223;71451;77762;83317;82172;89849;100422;122452;125506;134293;142629
LZ;70713; Kartitsch             ;48714;49127;44840;46127;44998;46340;43817;43370;42132;41326;39700;39623;41812;39137;36354;36824;36153;39217;39685;40131
LZ;70714; Lavant                ;1667;1821;1018;8764;10890;13112;16058;21688;19946;21635;23795;25492;30641;32946;36191;35750;39191;42927;38955;41163
LZ;70715; Leisach               ;11853;13941;12262;12621;12114;11476;10876;10362;7972;8314;7875;9427;8750;7830;7694;8318;9869;7885;8632;8581
LZ;70716; Lienz                 ;99758;103473;103652;108855;106933;108808;102848;106097;107851;111487;110986;121235;120982;111867;114724;111039;117099;119489;121171;123179
LZ;70717; Matrei in Osttirol    ;150466;149808;138992;150756;146587;142695;137991;127346;129186;114908;107278;111471;114055;106134;112763;118915;125093;124004;128346;130325
LZ;70718; Nikolsdorf            ;12701;6953;7463;6937;13825;6688;6804;5642;6399;10520;5644;5449;5936;11493;5808;5795;6416;6184;10077;4945
LZ;70719; Nußdorf-Debant        ;4080;5442;5522;5691;7926;7477;7945;8735;7931;7876;8736;9046;7925;6999;7377;7824;7748;7237;7739;7153
LZ;70720; Oberlienz             ;10753;10180;10732;9914;8712;9684;8468;9370;8910;7451;4344;3712;3818;3127;3278;4311;3579;3774;3487;3484
LZ;70721; Obertilliach          ;35560;35391;36804;41127;38740;45526;39565;38452;36202;37301;39046;38798;45515;49398;51279;53606;69497;68019;70944;69275
LZ;70723; Prägraten             ;85525;89713;86735;101706;93706;85527;81030;78755;74865;71577;65870;67501;64289;57728;58500;61512;62442;60018;62023;61997
LZ;70724; StJakob/Defereggen   ;123812;117818;119137;119879;115954;107252;99921;103363;101504;107719;107739;102313;105371;105563;109882;104529;103402;110156;110344;110673
LZ;70725; StJohann im Walde    ;1917;1761;1517;1410;1603;1023;738;647;528;582;302;192;207;333;208;153;194;331;217;307
LZ;70726; StVeit in Defereggen ;26731;29143;29353;26754;22547;23751;24305;24255;23479;22923;22530;22790;24723;23686;22376;24041;27747;26865;26184;26578
LZ;70727; Schlaiten             ;3720;3815;3949;3554;3477;3529;3786;3915;4465;4377;4275;4046;3878;3521;3584;3442;3688;3841;4465;3886
LZ;70728; Sillian               ;85795;86573;90515;86872;86044;89916;91901;90142;95309;94525;89230;86608;80756;85992;88477;89203;92763;99948;96859;102208
LZ;70729; Strassen              ;13519;14803;15016;12340;16170;15896;14661;10171;11693;14654;14443;16714;17079;15446;19108;20690;21956;23143;23820;22733
LZ;70731; Thurn                 ;12410;20034;17417;17098;17243;15970;9218;16294;16484;16650;15188;14638;14051;14180;13454;12396;11860;12732;12546;13145
LZ;70732; Tristach              ;26784;30484;30859;29591;28218;31120;26414;29596;29592;27277;26837;28922;27402;26712;24068;27489;28611;28343;30434;29529
LZ;70733; Untertilliach         ;5710;6217;6131;5639;5898;4858;3359;4516;2488;2070;2042;2317;3218;2788;2863;2433;2099;2352;2681;3810
LZ;70734; Virgen                ;72645;71815;70333;70565;63562;62756;58322;58385;60274;57879;54411;52558;51590;50556;49475;48568;52945;50634;51082;48548
LZ;70735;Heinfels;33532;30743;27307;31234;30025;27485;23035;23435;22448;22158;21493;21633;19721;24374;26284;28722;31011;30166;30336;30760
RE;70801; Bach                  ;51556;56069;53806;54795;51788;46354;45400;61437;62260;60510;58862;54419;57522;63852;64232;62027;66111;58798;57976;60025
RE;70802; Berwang               ;103904;98152;99867;89142;96418;98249;90983;84178;93811;90782;109747;104993;102476;89304;94823;90947;98032;112335;130373;127369
RE;70803; Biberwier             ;24728;23377;24168;21703;21583;24926;21903;37585;39340;39991;40719;45973;33900;52671;64191;65969;67119;68465;81425;84281
RE;70804; Bichlbach             ;24519;23245;23782;24086;23237;27269;25529;23834;23931;24885;27776;29261;31910;38566;39477;41031;45019;46975;48551;47614
RE;70805; Breitenwang           ;42848;36219;31519;57283;48768;46124;44028;46772;42517;43311;37070;28716;36779;43342;51576;47757;47074;53467;59597;62246
RE;70806; Ehenbichl             ;13900;14454;15977;17012;19606;14494;15944;13141;11669;11092;12448;12791;12974;17149;15828;17719;18253;18644;20611;19981
RE;70807; Ehrwald               ;172805;160333;173830;179821;171325;167980;159288;163024;177556;183211;175355;166882;183918;195482;193118;208845;227636;222200;219345;205604
RE;70808; Elbigenalp            ;55094;53513;57637;54327;50344;48580;36993;53514;55415;56207;56701;55233;57450;65291;68985;60152;62742;63436;63702;64149
RE;70809; Elmen                 ;13666;13015;12569;10615;10190;8890;9456;9623;9673;10028;9701;8428;8996;10064;9082;9000;11371;8984;11318;11538
RE;70810; Forchach              ;1353;915;2063;1184;1303;1170;1167;758;1103;1093;517;727;1501;1152;1560;2193;1918;2182;1418;2576
RE;70811; Grän                  ;165426;182796;189372;209111;198997;193864;194146;199248;204649;194200;209845;213092;219413;226693;221196;221160;237737;242904;259738;245473
RE;70812; Gramais               ;7034;5992;6505;6177;7781;6617;5562;4548;5327;6604;6925;8408;5132;7936;6443;6157;5878;7047;7093;6292
RE;70813; Häselgehr             ;14297;14901;14862;15416;12259;11350;9468;15656;13117;14079;13736;16473;15173;14385;16524;18822;13044;13397;13391;12205
RE;70814; Heiterwang            ;22051;22615;24092;25302;20493;18595;18373;20043;18861;18560;17720;20617;20857;20093;19617;23437;29521;29823;35368;38478
RE;70815; Hinterhornbach        ;3571;6812;6399;7263;6517;6790;5277;7041;7397;6498;5139;5778;6806;6284;6810;6469;7734;9640;9779;10238
RE;70816; Höfen                 ;28980;28326;28031;28498;26792;26188;26787;27575;27114;25957;26919;27147;30142;40502;35811;34749;37087;39763;41684;39176
RE;70817; Holzgau               ;40457;39026;46259;46193;45391;41899;41372;49430;56118;61220;58948;63018;68202;71802;66982;66042;86685;71413;73594;66387
RE;70818; Jungholz              ;55756;50889;50570;47092;42109;38490;33042;31077;37153;35775;28647;31392;34686;33038;30426;33283;35823;42705;42848;45015
RE;70819; Kaisers               ;3227;3262;4153;3977;3856;4003;3085;3486;3932;2892;2526;2503;3437;4345;3270;3416;4834;4411;4254;4863
RE;70820; Lechaschau            ;15331;13689;13213;15173;16442;17212;16378;17602;17172;15988;16786;18129;18910;22480;23984;22977;25450;26395;27070;29654
RE;70821; Lermoos               ;225735;202152;203240;211221;199305;200583;172994;194489;223996;235472;245184;233140;235546;249081;257898;276103;292596;291472;311661;298450
RE;70822; Musau                 ;4090;3066;3227;3914;3417;3392;5934;8514;9373;7119;5993;2353;2985;2017;2452;3365;2147;4042;4519;7520
RE;70823; Namlos                ;3722;4100;3825;3766;3833;3798;3505;4872;3668;3243;2690;2812;3240;3579;3544;3839;3876;3854;3940;3833
RE;70824; Nesselwängle          ;56349;51607;52888;55637;49181;54692;46071;54896;54331;56281;57012;55284;54644;48471;48908;53056;57266;61830;64978;91720
RE;70825; Pfafflar              ;7465;8938;9573;11015;8929;10359;9610;10255;8818;9219;8243;9798;9150;9348;7798;8199;9812;10901;9625;12352
RE;70826; Pflach                ;4079;4965;4370;3898;3807;3974;4743;4469;4738;4231;4361;4641;5187;5346;5486;6054;5690;5629;6391;6620
RE;70827; Pinswang              ;9487;8693;10393;8042;6934;8404;8131;9282;9753;9807;12482;11383;11961;13533;12734;9703;9528;8974;9035;7624
RE;70828; Reutte                ;68611;66646;63815;64305;62771;71508;58897;63239;27855;28046;56090;58720;60197;69883;65735;63963;72574;74562;72283;69598
RE;70829; Schattwald            ;27088;25193;26290;26497;23955;22708;23999;23627;26970;25841;24707;23762;22881;21605;21608;22973;26540;31828;35328;36033
RE;70830; Stanzach              ;26424;26601;23694;22498;23885;21780;22618;27243;19528;18372;18932;18279;17791;21224;20313;23101;25006;21460;24481;27364
RE;70831; Steeg                 ;35762;29903;36368;40577;33631;34591;28838;30753;39919;37422;40354;40367;41819;44279;45620;44845;45309;44225;46860;50791
RE;70832; Tannheim              ;192198;190290;200897;199369;184986;185096;177669;186622;196154;198859;191872;189516;206812;197650;191248;197498;214173;217999;231570;214508
RE;70833; Vils                  ;7340;8905;7682;7805;7296;10536;9118;6303;6169;5340;8884;11409;7740;5442;6935;5751;6403;6559;8001;6575
RE;70834; Vorderhornbach        ;11043;9561;9547;8815;8935;6717;8103;8589;6860;7023;6099;4812;5326;5628;5131;6088;9740;11424;12876;15107
RE;70835; Wängle                ;33278;32777;31374;23834;22598;28583;31252;35072;35272;28281;29098;30918;32531;40071;34097;34952;36776;37626;40605;38488
RE;70836; Weißenbach am Lech    ;24161;24788;23291;23659;23597;22100;27520;29701;26953;27376;25825;25793;27408;26992;26706;25385;26218;26883;28573;25520
RE;70837; Zöblen                ;17298;18898;19788;20356;20100;19212;16918;17715;18950;19196;17495;18122;19438;18860;17831;18658;20147;25295;29511;29161
SZ;70901; Achenkirch            ;163727;180533;200499;203994;191168;211407;217737;224682;211692;211062;213110;215817;225035;231929;231166;242303;263658;271433;295909;291861
SZ;70902; Aschau im Zillertal   ;122579;125754;131357;141016;137877;146094;144376;163598;174530;178875;174516;188722;191550;209281;211203;213971;228372;217058;241425;239566
SZ;70903; Brandberg             ;14740;16682;14980;15448;12932;12984;11242;13481;13556;12615;13968;13539;12490;12302;13006;14650;13818;15898;14940;16729
SZ;70904; Bruck am Ziller       ;11704;11742;11111;12781;10483;10748;7377;8063;7263;6698;8301;17070;16549;18515;22386;17422;21107;20197;12386;14676
SZ;70905; Buch bei Jenbach      ;14144;11718;12145;11873;9272;9829;9602;11024;11184;9537;10949;10014;9710;9796;10616;10307;11789;11490;9185;12571
SZ;70907; Eben am Achensee      ;523896;509310;543656;560092;523958;576105;539700;580293;583564;607462;626851;617043;636214;633120;634085;642540;665829;674932;686947;698980
SZ;70908; Finkenberg            ;108832;120217;116016;113725;94538;103774;127542;139753;148078;147980;142046;148527;140502;157113;158615;173711;178717;175384;182108;178791
SZ;70909; Fügen                 ;192693;189281;200911;210967;209864;217252;225503;242533;239254;249998;266386;242370;242110;245120;242865;265944;295997;313185;330113;331023
SZ;70910; Fügenberg             ;71765;63854;82072;76573;72836;74811;68284;74268;71750;71885;69331;68247;67094;67309;67909;71074;83280;87635;82493;85342
SZ;70911; Gallzein              ;3030;2675;3653;3216;3386;2829;2636;2098;2646;2408;1915;2744;2769;2418;3232;2687;3002;2946;3259;3012
SZ;70912; Gerlos                ;120572;122751;118749;115378;144955;160301;150704;158990;152488;179099;178395;187299;179758;182778;193139;197120;206690;217125;214171;226684
SZ;70913; Gerlosberg            ;9779;10219;11261;12401;10935;10929;10504;11341;11875;15251;21254;22655;23375;24020;24913;26819;28994;32998;35270;36581
SZ;70914; Hainzenberg           ;20776;18569;17101;21530;18245;23212;28145;29772;30425;28358;35114;36316;30933;31821;32488;32972;32389;28917;27389;29929
SZ;70915; Hart im Zillertal     ;37861;37557;38013;33260;31770;28672;27204;32161;35188;35293;35332;38498;36017;41244;40066;42923;48073;47249;51841;52408
SZ;70916; Hippach               ;79296;77419;79015;83968;70746;72297;83792;83800;81467;87993;82868;85983;90348;87986;91727;95347;102295;106776;107649;105332
SZ;70917; Jenbach               ;23277;22226;23410;22822;18902;19018;17899;19330;19176;15647;19866;17549;17941;18416;18068;16014;16205;17700;16939;20747
SZ;70918; Kaltenbach            ;48734;46569;48726;46848;47914;49287;46025;48511;49137;55885;59873;59030;60855;63498;68023;86446;89064;95862;98077;100541
SZ;70920; Mayrhofen             ;563118;578267;563240;552828;536916;542754;544731;554157;562567;559562;559791;585921;599592;606358;587999;594661;618054;636549;640521;628090
SZ;70921; Pill                  ;22781;20456;26214;28569;23602;22042;23180;18372;23097;21070;25903;21366;21377;22391;16435;18865;24081;23402;23857;26100
SZ;70922; Ramsau im Zillertal   ;51705;51440;63147;62052;55576;57869;51110;52058;56450;53920;54394;56502;53488;56395;61655;61727;62456;69243;70683;75932
SZ;70923; Ried im Zillertal     ;67629;70195;72446;64251;68457;69245;74262;70823;77620;83541;80223;80921;83204;82720;78973;77180;78328;81463;74943;80146
SZ;70924; Rohrberg              ;10518;11054;11166;12221;9583;9224;8387;8811;8390;8658;9190;8981;10185;11442;13146;18407;21133;21673;23585;25437
SZ;70925; Schlitters            ;18596;15447;17396;16762;15004;15411;14860;13247;15594;16452;14073;16856;17267;20725;20202;22943;23834;25611;18075;17502
SZ;70926; Schwaz                ;14264;14227;13050;13387;12105;14856;14303;12232;10344;13409;16890;18761;18624;18985;18817;20461;19398;20752;20526;21064
SZ;70927; Schwendau             ;99444;97981;104991;101846;97894;97094;98985;97938;96920;88210;87942;89720;92289;94056;99669;102464;95555;101457;106810;104291
SZ;70928; Stans                 ;48176;47414;53193;53147;55868;54612;50950;52740;49778;46180;47169;49948;34007;39214;41867;43418;44186;41904;40786;40830
SZ;70929; Steinberg am Rofan    ;9949;4925;8117;5703;5212;8101;8634;6757;6567;7106;8084;8107;7984;8258;6140;5531;6725;6787;8080;8660
SZ;70930; Strass im Zillertal   ;26517;28495;27801;30903;29840;24590;25828;30077;28019;19749;28398;29081;27761;25608;26527;29253;27173;30046;27726;26645
SZ;70931; Stumm                 ;52996;48040;52260;55822;53474;55100;55836;67653;59384;62764;57774;56471;63692;64958;68187;69120;74172;78746;73522;78032
SZ;70932; Stummerberg           ;8252;9725;10506;9975;10478;12590;15224;15515;16898;18306;17767;19130;19890;18912;20747;19856;23383;24538;22190;27690
SZ;70933; Terfens               ;2528;2236;2592;2205;1497;1809;3421;3025;4224;2755;3629;3243;3624;2826;3101;2334;4603;4577;5800;6378
SZ;70934; Tux                   ;238341;250753;259614;239367;239567;251052;233612;233054;246954;247539;264701;296149;296656;298518;310884;306101;343245;319001;311129;334549
SZ;70935; Uderns                ;68580;59867;70209;64584;66009;63504;62121;72403;75697;70284;78902;71478;79465;79333;73410;76175;80981;79852;81224;79703
SZ;70936; Vomp                  ;35269;33699;33812;34059;37998;44320;47741;33353;46905;33284;46650;46030;49940;46593;51935;49466;58005;59863;48138;41463
SZ;70937; Weer                  ;34143;32003;31639;33181;39730;35257;35829;33862;36460;30406;30945;31881;31437;27583;29220;32105;22882;24900;26380;29794
SZ;70938; Weerberg              ;28738;27472;26527;25915;34727;30603;35333;30407;28245;27198;26767;32959;33968;29416;25062;24618;24376;28865;25278;26337
SZ;70939; Wiesing               ;28434;28357;29360;30126;30136;31018;31919;33041;32920;34708;31194;25440;25192;26831;24612;23804;25084;23056;25967;26120
SZ;70940; Zell am Ziller        ;111419;113073;121249;121933;104988;104523;107029;114714;128405;131643;121022;118217;129357;129105;127488;132256;135387;147569;159363;158668
SZ;70941; Zellberg              ;33590;34378;37136;37863;34085;33024;32267;36192;37612;40452;37588;41153;41238;37313;43556;40844;38087;43790;43237;45732
